gid;id;estacion;latitud;longitud;altitud;codreg;codprov;codcom;comuna;institucio;area;region;gid;id;estacion;latitud;longitud;altitud;codreg;codprov;codcom;comuna;institucio;area;region
1;1;Visviri;-17.594605;-69.4774;4075;15;152;15202;General Lagos;INIA;1;XV;1;1;Visviri;-17.594605;-69.4774;4075;15;152;15202;General Lagos;INIA;1;XV
2;2;Putre;-18.196949;-69.5537;3570;15;152;15201;Putre;INIA;2;XV;2;2;Putre;-18.196949;-69.5537;3570;15;152;15201;Putre;INIA;2;XV
3;3;Socoroma;-18.263889;-69.6077;3048;15;152;15201;Putre;INIA;3;XV;3;3;Socoroma;-18.263889;-69.6077;3048;15;152;15201;Putre;INIA;3;XV
4;4;Lago Chungará;-18.281824;-69.1385;4555;15;152;15201;Putre;INIA;4;XV;4;4;Lago Chungará;-18.281824;-69.1385;4555;15;152;15201;Putre;INIA;4;XV
5;5;Lluta Alto;-18.393556;-69.9633;891;15;151;15101;Arica;INIA;5;XV;5;5;Lluta Alto;-18.393556;-69.9633;891;15;151;15101;Arica;INIA;5;XV
6;6;Lluta Bajo Km. 10;-18.41371;-70.2061;213;15;151;15101;Arica;INIA;6;XV;6;6;Lluta Bajo Km. 10;-18.41371;-70.2061;213;15;151;15101;Arica;INIA;6;XV
7;7;Puro Chile - Lluta medio;-18.452168;-70.0671;552;15;151;15101;Arica;INIA;7;XV;7;7;Puro Chile - Lluta medio;-18.452168;-70.0671;552;15;151;15101;Arica;INIA;7;XV
8;8;Cerro Blanco;-18.57507;-70.0697;519;15;151;15101;Arica;INIA;8;XV;8;8;Cerro Blanco;-18.57507;-70.0697;519;15;151;15101;Arica;INIA;8;XV
9;9;Azapa Alto;-18.577454;-69.9473;841;15;151;15101;Arica;INIA;9;XV;9;9;Azapa Alto;-18.577454;-69.9473;841;15;151;15101;Arica;INIA;9;XV
10;10;Salar de Surire;-18.794647;-69.0844;4269;15;152;15201;Putre;INIA;10;XV;10;10;Salar de Surire;-18.794647;-69.0844;4269;15;152;15201;Putre;INIA;10;XV
11;11;Azapa medio Km. 19;-18.547728;-70.1246;384;15;151;15101;Arica;INIA;11;XV;11;11;Azapa medio Km. 19;-18.547728;-70.1246;384;15;151;15101;Arica;INIA;11;XV
12;12;Chaca;-18.809978;-70.1561;318;15;151;15101;Arica;INIA;11;XV;12;12;Chaca;-18.809978;-70.1561;318;15;151;15101;Arica;INIA;11;XV
13;13;Codpa;-18.832508;-69.7456;1859;15;151;15102;Camarones;INIA;12;XV;13;13;Codpa;-18.832508;-69.7456;1859;15;151;15102;Camarones;INIA;12;XV
14;14;Camarones;-19.010679;-69.8573;717;1;14;1404;Huara;INIA;13;I;14;14;Camarones;-19.010679;-69.8573;717;1;14;1404;Huara;INIA;13;I
15;15;Ollagüe;-21.2167;-68.2331;3696;2;22;2202;Ollagüe;INIA;14;II;15;15;Ollagüe;-21.2167;-68.2331;3696;2;22;2202;Ollagüe;INIA;14;II
16;16;Chiu Chiu;-22.320236;-68.6505;2558;2;22;2201;Calama;INIA;15;II;16;16;Chiu Chiu;-22.320236;-68.6505;2558;2;22;2201;Calama;INIA;15;II
17;17;Caspana;-22.334515;-68.2136;3232;2;22;2201;Calama;INIA;16;II;17;17;Caspana;-22.334515;-68.2136;3232;2;22;2201;Calama;INIA;16;II
18;18;Calama Rural;-22.47103;-68.943;3342;2;22;2201;Calama;INIA;17;II;18;18;Calama Rural;-22.47103;-68.943;3342;2;22;2201;Calama;INIA;17;II
19;19;San Pedro de Atacama;-22.9322;-68.2135;2407;2;22;2203;San Pedro de Atacama;INIA;18;II;19;19;San Pedro de Atacama;-22.9322;-68.2135;2407;2;22;2203;San Pedro de Atacama;INIA;18;II
20;20;Toconao;-23.1905;-68.0072;2473;2;22;2203;San Pedro de Atacama;INIA;19;II;20;20;Toconao;-23.1905;-68.0072;2473;2;22;2203;San Pedro de Atacama;INIA;19;II
21;21;Socaire;-23.590586;-67.8901;3268;2;22;2203;San Pedro de Atacama;INIA;20;II;21;21;Socaire;-23.590586;-67.8901;3268;2;22;2203;San Pedro de Atacama;INIA;20;II
22;22;Copiapó;-27.345833;-70.4078;342;3;31;3101;Copiapó;FDF;21;III;22;22;Copiapó;-27.345833;-70.4078;342;3;31;3101;Copiapó;FDF;21;III
23;23;Bodega;-27.343611;-70.3728;347;3;31;3101;Copiapó;FDF;22;III;23;23;Bodega;-27.343611;-70.3728;347;3;31;3101;Copiapó;FDF;22;III
24;24;Jotabeche;-27.588611;-70.2447;599;3;31;3103;Tierra Amarilla;FDF;23;III;24;24;Jotabeche;-27.588611;-70.2447;599;3;31;3103;Tierra Amarilla;FDF;23;III
25;25;Hornitos;-27.728889;-70.1967;769;3;31;3103;Tierra Amarilla;FDF;24;III;25;25;Hornitos;-27.728889;-70.1967;769;3;31;3103;Tierra Amarilla;FDF;24;III
26;26;Tranque Lautaro;-27.975583;-70;1132;3;31;3103;Tierra Amarilla;FDF;25;III;26;26;Tranque Lautaro;-27.975583;-70;1132;3;31;3103;Tierra Amarilla;FDF;25;III
27;27;Amolana Copiapó;-27.959806;-70.01;1091;3;31;3103;Tierra Amarilla;INIA;25;III;27;27;Amolana Copiapó;-27.959806;-70.01;1091;3;31;3103;Tierra Amarilla;INIA;25;III
28;28;Vallenar;-28.526306;-70.9431;226;3;33;3303;Freirina;FDF;26;III;28;28;Vallenar;-28.526306;-70.9431;226;3;33;3303;Freirina;FDF;26;III
29;29;CE Huasco Vallenar;-28.58113;-70.7983;465;3;33;3301;Vallenar;INIA;27;III;29;29;CE Huasco Vallenar;-28.58113;-70.7983;465;3;33;3301;Vallenar;INIA;27;III
30;30;Alto del Carmen;-28.768167;-70.4492;822;3;33;3302;Alto del Carmen;FDF;28;III;30;30;Alto del Carmen;-28.768167;-70.4492;822;3;33;3302;Alto del Carmen;FDF;28;III
31;31;Punta de Choros;-29.2459;-71.4687;0;4;41;4104;La Higuera;Ceaza;29;IV;31;31;Punta de Choros;-29.2459;-71.4687;0;4;41;4104;La Higuera;Ceaza;29;IV
32;32;La Serena [El Romeral];-29.75;-71.25;154;4;41;4101;La Serena;Ceaza;30;IV;32;32;La Serena [El Romeral];-29.75;-71.25;154;4;41;4101;La Serena;Ceaza;30;IV
33;33;Islote Pájaros;-29.5851;-71.5375;0;4;41;4104;La Higuera;Ceaza;31;IV;33;33;Islote Pájaros;-29.5851;-71.5375;0;4;41;4104;La Higuera;Ceaza;31;IV
34;34;Tongoy [Chispa];-30.278;-71.56317;0;4;41;4102;Coquimbo;Ceaza;31;IV;34;34;Tongoy [Chispa];-30.278;-71.56317;0;4;41;4102;Coquimbo;Ceaza;31;IV
35;35;Coquimbo [El Panul];-30;-71.4;139;4;41;4102;Coquimbo;Ceaza;31;IV;35;35;Coquimbo [El Panul];-30;-71.4;139;4;41;4102;Coquimbo;Ceaza;31;IV
36;36;UCN Guayacán;-29.9666;-71.3528;0;4;41;4102;Coquimbo;Ceaza;31;IV;36;36;UCN Guayacán;-29.9666;-71.3528;0;4;41;4102;Coquimbo;Ceaza;31;IV
37;37;Las Cardas;-30.2515;-71.2569;289;4;41;4102;Coquimbo;Ceaza;32;IV;37;37;Las Cardas;-30.2515;-71.2569;289;4;41;4102;Coquimbo;Ceaza;32;IV
38;38;Gabriela Mistral;-29.9833;-71.0833;234;4;41;4101;La Serena;Ceaza;32;IV;38;38;Gabriela Mistral;-29.9833;-71.0833;234;4;41;4101;La Serena;Ceaza;32;IV
39;39;Falernia;-30.0275;-70.8017;514;4;41;4106;Vicuña;METEOVID;33;IV;39;39;Falernia;-30.0275;-70.8017;514;4;41;4106;Vicuña;METEOVID;33;IV
40;40;Vicuña [INIA];-30.0383;-70.6966;637;4;41;4106;Vicuña;Ceaza;34;IV;40;40;Vicuña [INIA];-30.0383;-70.6966;637;4;41;4106;Vicuña;Ceaza;34;IV
41;41;Vicuña;-30.038333;-70.6967;638;4;41;4106;Vicuña;FDF;34;IV;41;41;Vicuña;-30.038333;-70.6967;638;4;41;4106;Vicuña;FDF;34;IV
42;42;Rivadavia;-29.9618;-70.5389;882;4;41;4106;Vicuña;Ceaza;35;IV;42;42;Rivadavia;-29.9618;-70.5389;882;4;41;4106;Vicuña;Ceaza;35;IV
43;43;Pisco Elqui;-30.1167;-70.4833;1588;4;41;4105;Paiguano;Ceaza;35;IV;43;43;Pisco Elqui;-30.1167;-70.4833;1588;4;41;4105;Paiguano;Ceaza;35;IV
44;44;Paiguano;-30.046944;-70.5108;1198;4;41;4105;Paiguano;FDF;35;IV;44;44;Paiguano;-30.046944;-70.5108;1198;4;41;4105;Paiguano;FDF;35;IV
45;45;Pan de Azúcar [INIA];-30.0667;-71.2333;147;4;41;4102;Coquimbo;Ceaza;36;IV;45;45;Pan de Azúcar [INIA];-30.0667;-71.2333;147;4;41;4102;Coquimbo;Ceaza;36;IV
46;46;La Laguna [Elqui];-30.2029;-70.0372;3212;4;41;4106;Vicuña;Ceaza;37;IV;46;46;La Laguna [Elqui];-30.2029;-70.0372;3212;4;41;4106;Vicuña;Ceaza;37;IV
47;47;Hurtado [Lavaderos];-30.3092;-70.6265;1462;4;43;4305;Río Hurtado;Ceaza;38;IV;47;47;Hurtado [Lavaderos];-30.3092;-70.6265;1462;4;43;4305;Río Hurtado;Ceaza;38;IV
48;48;Quebrada Seca;-30.4961;-71.4905;188;4;43;4301;Ovalle;Ceaza;39;IV;48;48;Quebrada Seca;-30.4961;-71.4905;188;4;43;4301;Ovalle;Ceaza;39;IV
49;49;Recoleta;-30.490917;-71.1658;408;4;43;4301;Ovalle;FDF;40;IV;49;49;Recoleta;-30.490917;-71.1658;408;4;43;4301;Ovalle;FDF;40;IV
50;50;Tamaya;-30.566389;-71.3961;291;4;43;4301;Ovalle;METEOVID;41;IV;50;50;Tamaya;-30.566389;-71.3961;291;4;43;4301;Ovalle;METEOVID;41;IV
51;51;Algarrobo Bajo;-30.6331;-71.4514;72;4;43;4301;Ovalle;INIA;42;IV;51;51;Algarrobo Bajo;-30.6331;-71.4514;72;4;43;4301;Ovalle;INIA;42;IV
52;52;Monte Patria;-30.682222;-70.9394;565;4;43;4303;Monte Patria;FDF;43;IV;52;52;Monte Patria;-30.682222;-70.9394;565;4;43;4303;Monte Patria;FDF;43;IV
53;53;San Julián;-30.655278;-71.3189;262;4;43;4301;Ovalle;FDF;44;IV;53;53;San Julián;-30.655278;-71.3189;262;4;43;4301;Ovalle;FDF;44;IV
54;54;Camarico;-30.69899;-71.3217;253;4;43;4301;Ovalle;INIA;44;IV;54;54;Camarico;-30.69899;-71.3217;253;4;43;4301;Ovalle;INIA;44;IV
55;55;Rapel;-30.7232;-70.7726;859;4;43;4303;Monte Patria;Ceaza;45;IV;55;55;Rapel;-30.7232;-70.7726;859;4;43;4303;Monte Patria;Ceaza;45;IV
56;56;Los Molles [Bocatoma];-30.7461;-70.4192;2530;4;43;4303;Monte Patria;Ceaza;46;IV;56;56;Los Molles [Bocatoma];-30.7461;-70.4192;2530;4;43;4303;Monte Patria;Ceaza;46;IV
57;57;Ovalle [Talhuén];-30.592;-71.248;297;4;43;4301;Ovalle;Ceaza;47;IV;57;57;Ovalle [Talhuén];-30.592;-71.248;297;4;43;4301;Ovalle;Ceaza;47;IV
58;58;Punitaqui;-30.78;-71.2561;217;4;43;4304;Punitaqui;FDF;47;IV;58;58;Punitaqui;-30.78;-71.2561;217;4;43;4304;Punitaqui;FDF;47;IV
59;59;El Palqui;-30.746389;-70.9369;457;4;43;4303;Monte Patria;FDF;48;IV;59;59;El Palqui;-30.746389;-70.9369;457;4;43;4303;Monte Patria;FDF;48;IV
60;60;Monte Patria El Palqui;-30.774544;-70.9268;501;4;43;4303;Monte Patria;INIA;48;IV;60;60;Monte Patria El Palqui;-30.774544;-70.9268;501;4;43;4303;Monte Patria;INIA;48;IV
61;61;Combarbalá;-31.188333;-70.9989;942;4;43;4302;Combarbalá;FDF;49;IV;61;61;Combarbalá;-31.188333;-70.9989;942;4;43;4302;Combarbalá;FDF;49;IV
62;62;Canela;-31.39;-71.41;341;4;42;4202;Canela;Ceaza;50;IV;62;62;Canela;-31.39;-71.41;341;4;42;4202;Canela;Ceaza;50;IV
63;63;Huintil;-31.5732;-70.9983;581;4;42;4201;Illapel;Ceaza;51;IV;63;63;Huintil;-31.5732;-70.9983;581;4;42;4201;Illapel;Ceaza;51;IV
64;64;Illapel [INIA];-31.6483;-71.1689;373;4;42;4201;Illapel;Ceaza;52;IV;64;64;Illapel [INIA];-31.6483;-71.1689;373;4;42;4201;Illapel;Ceaza;52;IV
65;65;Illapel [FDF];-31.731056;-71.2056;273;4;42;4201;Illapel;FDF;53;IV;65;65;Illapel [FDF];-31.731056;-71.2056;273;4;42;4201;Illapel;FDF;53;IV
66;66;Salamanca;-31.787389;-70.9596;509;4;42;4204;Salamanca;FDF;54;IV;66;66;Salamanca;-31.787389;-70.9596;509;4;42;4204;Salamanca;FDF;54;IV
67;67;Salamanca [Chillepín];-31.89;-70.75;822;4;42;4204;Salamanca;Ceaza;55;IV;67;67;Salamanca [Chillepín];-31.89;-70.75;822;4;42;4204;Salamanca;Ceaza;55;IV
68;68;Petorca (INIA);-32.2;-70.97;1029;5;54;5404;Petorca;INIA;56;V;68;68;Petorca (INIA);-32.2;-70.97;1029;5;54;5404;Petorca;INIA;56;V
69;69;Cabildo;-32.362194;-70.8197;541;5;54;5402;Cabildo;FDF;57;V;69;69;Cabildo;-32.362194;-70.8197;541;5;54;5402;Cabildo;FDF;57;V
70;70;Petorca (FDF);-32.396667;-71.0294;243;5;54;5402;Cabildo;FDF;58;V;70;70;Petorca (FDF);-32.396667;-71.0294;243;5;54;5402;Cabildo;FDF;58;V
71;71;Putaendo;-32.593694;-70.7261;864;5;57;5705;Putaendo;FDF;59;V;71;71;Putaendo;-32.593694;-70.7261;864;5;57;5705;Putaendo;FDF;59;V
72;72;San Esteban;-32.750444;-70.5576;950;5;53;5304;San Esteban;FDF;60;V;72;72;San Esteban;-32.750444;-70.5576;950;5;53;5304;San Esteban;FDF;60;V
73;73;Panquehue;-32.756639;-70.8088;540;5;57;5704;Panquehue;FDF;61;V;73;73;Panquehue;-32.756639;-70.8088;540;5;57;5704;Panquehue;FDF;61;V
74;74;Llaillay;-32.903333;-70.9506;431;5;57;5703;Llaillay;FDF;61;V;74;74;Llaillay;-32.903333;-70.9506;431;5;57;5703;Llaillay;FDF;61;V
75;75;Catemu;-32.757778;-70.9428;442;5;57;5702;Catemu;FDF;61;V;75;75;Catemu;-32.757778;-70.9428;442;5;57;5702;Catemu;FDF;61;V
76;76;Quillota;-32.892389;-71.2067;128;5;55;5501;Quillota;FDF;62;V;76;76;Quillota;-32.892389;-71.2067;128;5;55;5501;Quillota;FDF;62;V
77;77;La Cruz (FDF);-32.843056;-71.2128;137;5;55;5504;La Cruz;FDF;62;V;77;77;La Cruz (FDF);-32.843056;-71.2128;137;5;55;5504;La Cruz;FDF;62;V
78;78;Limache;-32.994444;-71.2607;89;5;58;5802;Limache;FDF;62;V;78;78;Limache;-32.994444;-71.2607;89;5;58;5802;Limache;FDF;62;V
79;79;Olmué;-33.021944;-71.1864;143;5;58;5803;Olmué;FDF;62;V;79;79;Olmué;-33.021944;-71.1864;143;5;58;5803;Olmué;FDF;62;V
80;80;La Cruz (INIA);-32.822;-71.2304;169;5;55;5504;La Cruz;INIA;62;V;80;80;La Cruz (INIA);-32.822;-71.2304;169;5;55;5504;La Cruz;INIA;62;V
81;81;Libertadores;-32.85;-70.11917;2953;5;53;5301;Los Andes;DMC;63;V;81;81;Libertadores;-32.85;-70.11917;2953;5;53;5301;Los Andes;DMC;63;V
82;82;Hijuelas;-32.847944;-71.0671;313;5;55;5503;Hijuelas;FDF;64;V;82;82;Hijuelas;-32.847944;-71.0671;313;5;55;5503;Hijuelas;FDF;64;V
83;83;Calle Larga;-32.870556;-70.6461;772;5;53;5302;Calle Larga;FDF;65;V;83;83;Calle Larga;-32.870556;-70.6461;772;5;53;5302;Calle Larga;FDF;65;V
84;84;Rinconada;-32.837056;-70.6925;715;5;53;5303;Rinconada;FDF;65;V;84;84;Rinconada;-32.837056;-70.6925;715;5;53;5303;Rinconada;FDF;65;V
85;85;San Felipe;-32.755278;-70.7069;661;5;57;5701;San Felipe;FDF;65;V;85;85;San Felipe;-32.755278;-70.7069;661;5;57;5701;San Felipe;FDF;65;V
86;86;Santa María;-32.749167;-70.6603;702;5;57;5706;Santa María;FDF;65;V;86;86;Santa María;-32.749167;-70.6603;702;5;57;5706;Santa María;FDF;65;V
87;87;Errázuriz;-32.898611;-71.3517;107;5;55;5501;Quillota;METEOVID;66;V;87;87;Errázuriz;-32.898611;-71.3517;107;5;55;5501;Quillota;METEOVID;66;V
88;88;Emiliana;-33.361389;-71.3092;294;5;51;5102;Casablanca;METEOVID;69;V;88;88;Emiliana;-33.361389;-71.3092;294;5;51;5102;Casablanca;METEOVID;69;V
89;89;Ventisquero-Tapihue;-33.300556;-71.2833;322;5;51;5102;Casablanca;METEOVID;69;V;89;89;Ventisquero-Tapihue;-33.300556;-71.2833;322;5;51;5102;Casablanca;METEOVID;69;V
90;90;Casablanca;-33.320833;-71.4372;256;5;51;5102;Casablanca;FDF;70;V;90;90;Casablanca;-33.320833;-71.4372;256;5;51;5102;Casablanca;FDF;70;V
91;91;Santo Domingo (DMC);-33.655;-71.6142;67;5;56;5606;Santo Domingo;DMC;76;V;91;91;Santo Domingo (DMC);-33.655;-71.6142;67;5;56;5606;Santo Domingo;DMC;76;V
92;92;Santo Domingo (INIA);-33.61;-71.63;21;5;56;5606;Santo Domingo;INIA;76;V;92;92;Santo Domingo (INIA);-33.61;-71.63;21;5;56;5606;Santo Domingo;INIA;76;V
93;93;Luis Felipe Edwards-Leyda;-33.67;-71.54;163;5;56;5601;San Antonio;METEOVID;78;V;93;93;Luis Felipe Edwards-Leyda;-33.67;-71.54;163;5;56;5601;San Antonio;METEOVID;78;V
94;94;Casa Marín;-33.524444;-71.5456;23;5;56;5603;Cartagena;METEOVID;78;V;94;94;Casa Marín;-33.524444;-71.5456;23;5;56;5603;Cartagena;METEOVID;78;V
95;95;Garcés Silva;-33.681389;-71.4958;178;5;56;5601;San Antonio;METEOVID;80;V;95;95;Garcés Silva;-33.681389;-71.4958;178;5;56;5601;San Antonio;METEOVID;80;V
96;96;Tiltil;-33.121333;-70.8348;544;13;133;13303;Tiltil;FDF;65;XIII;96;96;Tiltil;-33.121333;-70.8348;544;13;133;13303;Tiltil;FDF;65;XIII
97;97;Huenchún Ex Lampa;-33.08;-70.77;579;13;133;13303;Tiltil;FDF;67;XIII;97;97;Huenchún Ex Lampa;-33.08;-70.77;579;13;133;13303;Tiltil;FDF;67;XIII
98;98;Colina;-33.218778;-70.7158;540;13;133;13301;Colina;FDF;68;XIII;98;98;Colina;-33.218778;-70.7158;540;13;133;13301;Colina;FDF;68;XIII
99;99;Lo Pinto;-33.27;-70.73;499;13;133;13301;Colina;DMC;68;XIII;99;99;Lo Pinto;-33.27;-70.73;499;13;133;13301;Colina;DMC;68;XIII
100;100;Curacaví;-33.438611;-71.0256;183;13;135;13503;Curacaví;FDF;71;XIII;100;100;Curacaví;-33.438611;-71.0256;183;13;135;13503;Curacaví;FDF;71;XIII
101;101;Casa Rivas (N.C.);-33.506389;-71.0608;168;13;135;13504;María Pinto;METEOVID;71;XIII;101;101;Casa Rivas (N.C.);-33.506389;-71.0608;168;13;135;13504;María Pinto;METEOVID;71;XIII
102;102;San Pablo;-33.442222;-70.7467;484;13;131;13124;Pudahuel;DMC;72;XIII;102;102;San Pablo;-33.442222;-70.7467;484;13;131;13124;Pudahuel;DMC;72;XIII
103;103;Lo Prado;-33.458056;-70.948611;1064;13;131;13124;Pudahuel;DMC;73;XIII;103;103;Lo Prado;-33.458056;-70.948611;1064;13;131;13124;Pudahuel;DMC;73;XIII
104;104;Mallarauco;-33.586667;-70.9961;250;13;135;13501;Melipilla;FDF;74;XIII;104;104;Mallarauco;-33.586667;-70.9961;250;13;135;13501;Melipilla;FDF;74;XIII
105;105;Buin;-33.707361;-70.7016;518;13;134;13402;Buin;FDF;75;XIII;105;105;Buin;-33.707361;-70.7016;518;13;134;13402;Buin;FDF;75;XIII
106;106;Talagante;-33.67325;-70.9211;331;13;136;13601;Talagante;FDF;75;XIII;106;106;Talagante;-33.67325;-70.9211;331;13;136;13601;Talagante;FDF;75;XIII
107;107;Lo Herrera;-33.662889;-70.7659;502;13;134;13401;San Bernardo;FDF;75;XIII;107;107;Lo Herrera;-33.662889;-70.7659;502;13;134;13401;San Bernardo;FDF;75;XIII
108;108;Huelquén;-33.862083;-70.6392;430;13;134;13404;Paine;FDF;75;XIII;108;108;Huelquén;-33.862083;-70.6392;430;13;134;13404;Paine;FDF;75;XIII
109;109;Calera de Tango;-33.630556;-70.7992;468;13;134;13403;Calera de Tango;FDF;75;XIII;109;109;Calera de Tango;-33.630556;-70.7992;468;13;134;13403;Calera de Tango;FDF;75;XIII
110;110;Isla de Maipo;-33.763889;-70.8867;337;13;136;13603;Isla de Maipo;FDF;75;XIII;110;110;Isla de Maipo;-33.763889;-70.8867;337;13;136;13603;Isla de Maipo;FDF;75;XIII
111;111;La Platina;-33.56987;-70.628;624;13;131;13112;La Pintana;INIA;75;XIII;111;111;La Platina;-33.56987;-70.628;624;13;131;13112;La Pintana;INIA;75;XIII
112;112;Morandé - Romeral;-33.706389;-70.7728;476;13;134;13401;San Bernardo;METEOVID;75;XIII;112;112;Morandé - Romeral;-33.706389;-70.7728;476;13;134;13401;San Bernardo;METEOVID;75;XIII
113;113;Santa Rita;-33.718611;-70.6692;523;13;134;13402;Buin;METEOVID;75;XIII;113;113;Santa Rita;-33.718611;-70.6692;523;13;134;13402;Buin;METEOVID;75;XIII
114;114;De Martino;-33.581944;-70.8806;380;13;136;13605;Peñaflor;METEOVID;75;XIII;114;114;De Martino;-33.581944;-70.8806;380;13;136;13605;Peñaflor;METEOVID;75;XIII
115;115;Pérez Cruz;-33.843056;-70.6197;461;13;134;13404;Paine;METEOVID;75;XIII;115;115;Pérez Cruz;-33.843056;-70.6197;461;13;134;13404;Paine;METEOVID;75;XIII
116;116;San Pedro;-33.768889;-70.9297;314;13;136;13603;Isla de Maipo;METEOVID;75;XIII;116;116;San Pedro;-33.768889;-70.9297;314;13;136;13603;Isla de Maipo;METEOVID;75;XIII
117;117;Morandé;-33.581389;-70.7167;547;13;134;13401;San Bernardo;METEOVID;75;XIII;117;117;Morandé;-33.581389;-70.7167;547;13;134;13401;San Bernardo;METEOVID;75;XIII
118;118;San Pedro-El Tránsito;-33.771111;-70.6856;452;13;134;13404;Paine;METEOVID;75;XIII;118;118;San Pedro-El Tránsito;-33.771111;-70.6856;452;13;134;13404;Paine;METEOVID;75;XIII
119;119;Santa Carolina;-33.599722;-70.6497;616;13;131;13112;La Pintana;METEOVID;75;XIII;119;119;Santa Carolina;-33.599722;-70.6497;616;13;131;13112;La Pintana;METEOVID;75;XIII
120;120;Los Tilos;-33.70726;-70.7017;519;13;134;13402;Buin;INIA;75;XIII;120;120;Los Tilos;-33.70726;-70.7017;519;13;134;13402;Buin;INIA;75;XIII
121;121;Melipilla;-33.65;-71.1;241;13;136;13602;El Monte;FDF;77;XIII;121;121;Melipilla;-33.65;-71.1;241;13;136;13602;El Monte;FDF;77;XIII
122;122;El Monte;-33.691944;-71.1008;209;13;136;13602;El Monte;FDF;77;XIII;122;122;El Monte;-33.691944;-71.1008;209;13;136;13602;El Monte;FDF;77;XIII
123;123;San Antonio de Naltahua;-33.725439;-71.0426;236;13;136;13603;Isla de Maipo;INIA;77;XIII;123;123;San Antonio de Naltahua;-33.725439;-71.0426;236;13;136;13603;Isla de Maipo;INIA;77;XIII
124;124;El Paico;-33.71;-71.01;259;13;136;13601;Talagante;DMC;77;XIII;124;124;El Paico;-33.71;-71.01;259;13;136;13601;Talagante;DMC;77;XIII
125;125;Pirque;-33.673889;-70.5869;657;13;132;13202;Pirque;FDF;79;XIII;125;125;Pirque;-33.673889;-70.5869;657;13;132;13202;Pirque;FDF;79;XIII
126;126;William Fevre;-33.671389;-70.5817;664;13;132;13202;Pirque;METEOVID;79;XIII;126;126;William Fevre;-33.671389;-70.5817;664;13;132;13202;Pirque;METEOVID;79;XIII
127;127;Leyda;-33.703028;-71.3719;92;13;135;13501;Melipilla;FDF;81;XIII;127;127;Leyda;-33.703028;-71.3719;92;13;135;13501;Melipilla;FDF;81;XIII
128;128;Chocalán (FDF);-33.725556;-71.2097;141;13;135;13501;Melipilla;FDF;82;XIII;128;128;Chocalán (FDF);-33.725556;-71.2097;141;13;135;13501;Melipilla;FDF;82;XIII
129;129;Chocalán (METEOVID);-33.760556;-71.2256;171;13;135;13501;Melipilla;METEOVID;82;XIII;129;129;Chocalán (METEOVID);-33.760556;-71.2256;171;13;135;13501;Melipilla;METEOVID;82;XIII
130;130;San Pedro (FDF);-33.891389;-71.3942;206;13;135;13505;San Pedro;FDF;83;XIII;130;130;San Pedro (FDF);-33.891389;-71.3942;206;13;135;13505;San Pedro;FDF;83;XIII
131;131;Ventisquero;-34.0225;-71.3442;164;13;135;13505;San Pedro;METEOVID;83;XIII;131;131;Ventisquero;-34.0225;-71.3442;164;13;135;13505;San Pedro;METEOVID;83;XIII
132;132;San Pedro de Melipilla;-33.897935;-71.4529;133;13;135;13505;San Pedro;INIA;84;XIII;132;132;San Pedro de Melipilla;-33.897935;-71.4529;133;13;135;13505;San Pedro;INIA;84;XIII
133;133;Alhué;-34.065;-71.2539;127;13;135;13502;Alhué;FDF;86;XIII;133;133;Alhué;-34.065;-71.2539;127;13;135;13502;Alhué;FDF;86;XIII
134;134;San José;-33.62;-70.35;916;13;132;13203;San José de Maipo;DMC;95;XIII;134;134;San José;-33.62;-70.35;916;13;132;13203;San José de Maipo;DMC;95;XIII
135;135;Mostazal;-34.001667;-70.7017;500;6;61;6110;Mostazal;FDF;85;VI;135;135;Mostazal;-34.001667;-70.7017;500;6;61;6110;Mostazal;FDF;85;VI
136;136;Hidango;-34.112466;-71.7973;288;6;62;6203;Litueche;INIA;87;VI;136;136;Hidango;-34.112466;-71.7973;288;6;62;6203;Litueche;INIA;87;VI
137;137;Codegua Norte Ex Rancagua;-34.108889;-70.6396;532;6;61;6102;Codegua;FDF;88;VI;137;137;Codegua Norte Ex Rancagua;-34.108889;-70.6396;532;6;61;6102;Codegua;FDF;88;VI
138;138;Graneros Norte;-34.061944;-70.705;491;6;61;6106;Graneros;FDF;88;VI;138;138;Graneros Norte;-34.061944;-70.705;491;6;61;6106;Graneros;FDF;88;VI
139;139;Codegua;-34.110278;-70.6536;516;6;61;6102;Codegua;FDF;88;VI;139;139;Codegua;-34.110278;-70.6536;516;6;61;6102;Codegua;FDF;88;VI
140;140;Punta Cortes;-34.16975;-70.7913;475;6;61;6101;Rancagua;FDF;89;VI;140;140;Punta Cortes;-34.16975;-70.7913;475;6;61;6101;Rancagua;FDF;89;VI
141;141;Olivar Alto;-34.203056;-70.8242;452;6;61;6111;Olivar;FDF;90;VI;141;141;Olivar Alto;-34.203056;-70.8242;452;6;61;6111;Olivar;FDF;90;VI
142;142;San Vicente TT;-34.457778;-71.0506;216;6;61;6117;San Vicente;FDF;90;VI;142;142;San Vicente TT;-34.457778;-71.0506;216;6;61;6117;San Vicente;FDF;90;VI
143;143;Coltauco;-34.237778;-71.005;299;6;61;6104;Coltauco;FDF;90;VI;143;143;Coltauco;-34.237778;-71.005;299;6;61;6104;Coltauco;FDF;90;VI
144;144;Ventisquero-Apalta;-34.608056;-71.2469;245;6;63;6310;Santa Cruz;METEOVID;90;VI;144;144;Ventisquero-Apalta;-34.608056;-71.2469;245;6;63;6310;Santa Cruz;METEOVID;90;VI
145;145;Codelco;-34.2;-70.58;1163;6;61;6108;Machalí;DMC;91;VI;145;145;Codelco;-34.2;-70.58;1163;6;61;6108;Machalí;DMC;91;VI
146;146;La Estrella Sur Ex Pumanque;-34.213333;-71.7161;286;6;62;6202;La Estrella;FDF;92;VI;146;146;La Estrella Sur Ex Pumanque;-34.213333;-71.7161;286;6;62;6202;La Estrella;FDF;92;VI
147;147;La Estrella;-34.213333;-71.7161;286;6;62;6202;La Estrella;FDF;92;VI;147;147;La Estrella;-34.213333;-71.7161;286;6;62;6202;La Estrella;FDF;92;VI
148;148;Rapel;-34.216667;-71.3;119;6;61;6107;Las Cabras;FDF;93;VI;148;148;Rapel;-34.216667;-71.3;119;6;61;6107;Las Cabras;FDF;93;VI
149;149;Sta. Brisila;-34.298081;-71.3238;119;6;61;6107;Las Cabras;FDF;94;VI;149;149;Sta. Brisila;-34.298081;-71.3238;119;6;61;6107;Las Cabras;FDF;94;VI
150;150;Peumo Norte Ex Las Cabras;-34.326944;-71.2589;133;6;61;6112;Peumo;FDF;94;VI;150;150;Peumo Norte Ex Las Cabras;-34.326944;-71.2589;133;6;61;6112;Peumo;FDF;94;VI
151;151;Palmilla;-34.546667;-71.395;142;6;63;6306;Palmilla;FDF;94;VI;151;151;Palmilla;-34.546667;-71.395;142;6;63;6306;Palmilla;FDF;94;VI
152;152;Ventisquero-Peralillo;-34.394444;-71.4456;125;6;63;6307;Peralillo;METEOVID;94;VI;152;152;Ventisquero-Peralillo;-34.394444;-71.4456;125;6;63;6307;Peralillo;METEOVID;94;VI
153;153;Requínoa - Rayentué;-34.321667;-71.8336;294;6;62;6201;Pichilemu;FDF;96;VI;153;153;Requínoa - Rayentué;-34.321667;-71.8336;294;6;62;6201;Pichilemu;FDF;96;VI
154;154;La Rosa Oeste;-34.325;-71.2394;147;6;61;6112;Peumo;METEOVID;97;VI;154;154;La Rosa Oeste;-34.325;-71.2394;147;6;61;6112;Peumo;METEOVID;97;VI
155;155;Montes;-34.340556;-71.6522;167;6;62;6204;Marchihue;METEOVID;98;VI;155;155;Montes;-34.340556;-71.6522;167;6;62;6204;Marchihue;METEOVID;98;VI
156;156;Anakena;-34.304722;-70.7717;389;6;61;6116;Requínoa;METEOVID;99;VI;156;156;Anakena;-34.304722;-70.7717;389;6;61;6116;Requínoa;METEOVID;99;VI
157;157;San Pedro-Totihue;-34.341111;-70.7278;402;6;61;6116;Requínoa;METEOVID;99;VI;157;157;San Pedro-Totihue;-34.341111;-70.7278;402;6;61;6116;Requínoa;METEOVID;99;VI
158;158;Quinta de Tilcoco;-34.362;-70.9353;301;6;61;6114;Quinta de Tilcoco;FDF;100;VI;158;158;Quinta de Tilcoco;-34.362;-70.9353;301;6;61;6114;Quinta de Tilcoco;FDF;100;VI
159;159;Marchigue;-34.405556;-71.6072;136;6;62;6204;Marchihue;FDF;101;VI;159;159;Marchigue;-34.405556;-71.6072;136;6;62;6204;Marchihue;FDF;101;VI
160;160;San Fernando;-34.577833;-70.9755;329;6;63;6301;San Fernando;FDF;102;VI;160;160;San Fernando;-34.577833;-70.9755;329;6;63;6301;San Fernando;FDF;102;VI
161;161;El Tambo;-34.470992;-70.987;244;6;61;6117;San Vicente;INIA;102;VI;161;161;El Tambo;-34.470992;-70.987;244;6;61;6117;San Vicente;INIA;102;VI
162;162;Casa Silva-Los Lingues;-34.502222;-70.8947;311;6;63;6301;San Fernando;METEOVID;102;VI;162;162;Casa Silva-Los Lingues;-34.502222;-70.8947;311;6;63;6301;San Fernando;METEOVID;102;VI
163;163;Malloa;-34.499722;-70.8397;467;6;61;6109;Malloa;FDF;103;VI;163;163;Malloa;-34.499722;-70.8397;467;6;61;6109;Malloa;FDF;103;VI
164;164;Llalagua;-34.641389;-71.1356;234;6;63;6308;Placilla;FDF;104;VI;164;164;Llalagua;-34.641389;-71.1356;234;6;63;6308;Placilla;FDF;104;VI
165;165;Luis Felipe Edwards;-34.693056;-71.1569;216;6;63;6305;Nancagua;METEOVID;104;VI;165;165;Luis Felipe Edwards;-34.693056;-71.1569;216;6;63;6305;Nancagua;METEOVID;104;VI
166;166;Chimbarongo;-34.670833;-71.0317;317;6;63;6303;Chimbarongo;FDF;105;VI;166;166;Chimbarongo;-34.670833;-71.0317;317;6;63;6303;Chimbarongo;FDF;105;VI
167;167;El Carmen;-34.608056;-70.975;354;6;63;6301;San Fernando;FDF;105;VI;167;167;El Carmen;-34.608056;-70.975;354;6;63;6301;San Fernando;FDF;105;VI
168;168;Conosur;-34.715556;-71.0386;300;6;63;6303;Chimbarongo;METEOVID;105;VI;168;168;Conosur;-34.715556;-71.0386;300;6;63;6303;Chimbarongo;METEOVID;105;VI
169;169;Santa Cruz;-34.690833;-71.4;160;6;63;6310;Santa Cruz;FDF;106;VI;169;169;Santa Cruz;-34.690833;-71.4;160;6;63;6310;Santa Cruz;FDF;106;VI
170;170;Lapostolle-Apalta;-34.593611;-71.3022;216;6;63;6310;Santa Cruz;METEOVID;106;VI;170;170;Lapostolle-Apalta;-34.593611;-71.3022;216;6;63;6310;Santa Cruz;METEOVID;106;VI
171;171;Lolol;-34.713611;-71.6297;104;6;63;6304;Lolol;FDF;107;VI;171;171;Lolol;-34.713611;-71.6297;104;6;63;6304;Lolol;FDF;107;VI
172;172;Hacienda Araucano-Lolol;-34.727222;-71.5889;116;6;63;6304;Lolol;METEOVID;107;VI;172;172;Hacienda Araucano-Lolol;-34.727222;-71.5889;116;6;63;6304;Lolol;METEOVID;107;VI
173;173;Chépica;-34.738611;-71.2581;189;6;63;6302;Chépica;FDF;108;VI;173;173;Chépica;-34.738611;-71.2581;189;6;63;6302;Chépica;FDF;108;VI
174;174;Nancagua 2;-34.660833;-71.2836;174;6;63;6305;Nancagua;FDF;108;VI;174;174;Nancagua 2;-34.660833;-71.2836;174;6;63;6305;Nancagua;FDF;108;VI
175;175;Ventisquero-Patacón;-34.857965;-71.7552;113;6;63;6304;Lolol;METEOVID;109;VI;175;175;Ventisquero-Patacón;-34.857965;-71.7552;113;6;63;6304;Lolol;METEOVID;109;VI
176;176;Teno;-34.878889;-71.1653;285;7;73;7308;Teno;FDF;110;VII;176;176;Teno;-34.878889;-71.1653;285;7;73;7308;Teno;FDF;110;VII
177;177;Sagrada Familia - 1;-34.996944;-71.3742;155;7;73;7307;Sagrada Familia;FDF;111;VII;177;177;Sagrada Familia - 1;-34.996944;-71.3742;155;7;73;7307;Sagrada Familia;FDF;111;VII
178;178;Rauco;-34.925;-71.2831;204;7;73;7305;Rauco;FDF;111;VII;178;178;Rauco;-34.925;-71.2831;204;7;73;7305;Rauco;FDF;111;VII
179;179;Terramater;-35.014444;-71.4317;129;7;73;7307;Sagrada Familia;METEOVID;111;VII;179;179;Terramater;-35.014444;-71.4317;129;7;73;7307;Sagrada Familia;METEOVID;111;VII
180;180;Viñedos Puertas;-34.986944;-71.2797;181;7;73;7301;Curicó;METEOVID;111;VII;180;180;Viñedos Puertas;-34.986944;-71.2797;181;7;73;7301;Curicó;METEOVID;111;VII
181;181;Tres Esquinas;-35.144722;-71.2161;307;7;73;7304;Molina;FDF;112;VII;181;181;Tres Esquinas;-35.144722;-71.2161;307;7;73;7304;Molina;FDF;112;VII
182;182;Morza Norte Ex Peteroa;-34.835;-71.0242;296;7;73;7308;Teno;FDF;112;VII;182;182;Morza Norte Ex Peteroa;-34.835;-71.0242;296;7;73;7308;Teno;FDF;112;VII
183;183;Morza;-34.851667;-71.0203;324;7;73;7308;Teno;FDF;112;VII;183;183;Morza;-34.851667;-71.0203;324;7;73;7308;Teno;FDF;112;VII
184;184;Lontué;-35.049722;-71.2481;229;7;73;7304;Molina;FDF;113;VII;184;184;Lontué;-35.049722;-71.2481;229;7;73;7304;Molina;FDF;113;VII
185;185;Aresti;-35.151389;-71.2981;253;7;71;7108;Río Claro;METEOVID;113;VII;185;185;Aresti;-35.151389;-71.2981;253;7;71;7108;Río Claro;METEOVID;113;VII
186;186;San Pedro-Molina;-35.103056;-71.3383;223;7;73;7304;Molina;METEOVID;113;VII;186;186;San Pedro-Molina;-35.103056;-71.3383;223;7;73;7304;Molina;METEOVID;113;VII
187;187;Curicó;-34.97;-71.22;215;7;73;7301;Curicó;DMC;113;VII;187;187;Curicó;-34.97;-71.22;215;7;73;7301;Curicó;DMC;113;VII
188;188;San Rafael;-35.303611;-71.4758;141;7;71;7110;San Rafael;FDF;114;VII;188;188;San Rafael;-35.303611;-71.4758;141;7;71;7110;San Rafael;FDF;114;VII
189;189;San Pedro-Pencahue;-35.333889;-71.7692;45;7;71;7107;Pencahue;METEOVID;115;VII;189;189;San Pedro-Pencahue;-35.333889;-71.7692;45;7;71;7107;Pencahue;METEOVID;115;VII
190;190;Chanco;-35.45381;-72.3143;383;7;71;7102;Constitución;INIA;116;VII;190;190;Chanco;-35.45381;-72.3143;383;7;71;7102;Constitución;INIA;116;VII
191;191;Torres;-35.567222;-72.29;419;7;71;7104;Empedrado;METEOVID;116;VII;191;191;Torres;-35.567222;-72.29;419;7;71;7104;Empedrado;METEOVID;116;VII
192;192;Pencahue;-35.455833;-71.7722;50;7;71;7107;Pencahue;FDF;117;VII;192;192;Pencahue;-35.455833;-71.7722;50;7;71;7107;Pencahue;FDF;117;VII
193;193;Colbún;-35.662222;-71.4536;234;7;74;7402;Colbún;FDF;118;VII;193;193;Colbún;-35.662222;-71.4536;234;7;74;7402;Colbún;FDF;118;VII
194;194;San Javier;-35.629722;-71.6039;149;7;74;7406;San Javier;FDF;118;VII;194;194;San Javier;-35.629722;-71.6039;149;7;74;7406;San Javier;FDF;118;VII
195;195;Casas Patronales;-35.491667;-71.4456;190;7;71;7109;San Clemente;METEOVID;118;VII;195;195;Casas Patronales;-35.491667;-71.4456;190;7;71;7109;San Clemente;METEOVID;118;VII
196;196;San Clemente;-35.53;-71.48;202;7;71;7109;San Clemente;INIA;118;VII;196;196;San Clemente;-35.53;-71.48;202;7;71;7109;San Clemente;INIA;118;VII
197;197;J. Bouchon;-35.569167;-71.9953;159;7;74;7406;San Javier;METEOVID;119;VII;197;197;J. Bouchon;-35.569167;-71.9953;159;7;74;7406;San Javier;METEOVID;119;VII
198;198;Maule;-35.576667;-71.6789;112;7;74;7406;San Javier;FDF;120;VII;198;198;Maule;-35.576667;-71.6789;112;7;74;7406;San Javier;FDF;120;VII
199;199;El Aromo;-35.535556;-71.5983;139;7;71;7105;Maule;METEOVID;120;VII;199;199;El Aromo;-35.535556;-71.5983;139;7;71;7105;Maule;METEOVID;120;VII
200;200;Villa Alegre;-35.696111;-71.6822;113;7;74;7407;Villa Alegre;FDF;121;VII;200;200;Villa Alegre;-35.696111;-71.6822;113;7;74;7407;Villa Alegre;FDF;121;VII
201;201;Sauzal;-35.714879;-72.1113;136;7;71;7104;Empedrado;INIA;122;VII;201;201;Sauzal;-35.714879;-72.1113;136;7;71;7104;Empedrado;INIA;122;VII
202;202;Yerbas Buenas 2;-35.690472;-71.5539;162;7;74;7408;Yerbas Buenas;FDF;123;VII;202;202;Yerbas Buenas 2;-35.690472;-71.5539;162;7;74;7408;Yerbas Buenas;FDF;123;VII
203;203;Yerbas Buenas (FDF);-35.743889;-71.5731;142;7;74;7408;Yerbas Buenas;FDF;123;VII;203;203;Yerbas Buenas (FDF);-35.743889;-71.5731;142;7;74;7408;Yerbas Buenas;FDF;123;VII
204;204;Yerbas Buenas (INIA);-35.76;-71.57;135;7;74;7408;Yerbas Buenas;INIA;123;VII;204;204;Yerbas Buenas (INIA);-35.76;-71.57;135;7;74;7408;Yerbas Buenas;INIA;123;VII
205;205;Coronel de Maule;-36.059092;-72.4777;158;7;72;7201;Cauquenes;INIA;124;VII;205;205;Coronel de Maule;-36.059092;-72.4777;158;7;72;7201;Cauquenes;INIA;124;VII
206;206;Santa Sofía;-35.977643;-72.3599;139;7;72;7201;Cauquenes;INIA;124;VII;206;206;Santa Sofía;-35.977643;-72.3599;139;7;72;7201;Cauquenes;INIA;124;VII
207;207;Cauquenes;-35.955973;-72.2899;157;7;72;7201;Cauquenes;INIA;125;VII;207;207;Cauquenes;-35.955973;-72.2899;157;7;72;7201;Cauquenes;INIA;125;VII
208;208;Los Despachos;-36.062114;-72.3714;162;7;72;7201;Cauquenes;INIA;125;VII;208;208;Los Despachos;-36.062114;-72.3714;162;7;72;7201;Cauquenes;INIA;125;VII
209;209;Undurraga;-35.996667;-72.2617;151;7;72;7201;Cauquenes;METEOVID;125;VII;209;209;Undurraga;-35.996667;-72.2617;151;7;72;7201;Cauquenes;METEOVID;125;VII
210;210;Odjfell;-36.144722;-72.2658;147;7;72;7201;Cauquenes;METEOVID;126;VII;210;210;Odjfell;-36.144722;-72.2658;147;7;72;7201;Cauquenes;METEOVID;126;VII
211;211;Linares 2;-35.932222;-71.5686;191;7;74;7403;Longaví;FDF;127;VII;211;211;Linares 2;-35.932222;-71.5686;191;7;74;7403;Longaví;FDF;127;VII
212;212;Longaví Norte;-36.053611;-71.6833;171;7;74;7403;Longaví;FDF;127;VII;212;212;Longaví Norte;-36.053611;-71.6833;171;7;74;7403;Longaví;FDF;127;VII
213;213;Longaví Sur;-35.953056;-71.6081;158;7;74;7403;Longaví;FDF;127;VII;213;213;Longaví Sur;-35.953056;-71.6081;158;7;74;7403;Longaví;FDF;127;VII
214;214;Parral;-36.213333;-71.7375;197;7;74;7404;Parral;FDF;127;VII;214;214;Parral;-36.213333;-71.7375;197;7;74;7404;Parral;FDF;127;VII
215;215;Parral Norte;-36.230278;-71.7322;195;7;74;7404;Parral;FDF;127;VII;215;215;Parral Norte;-36.230278;-71.7322;195;7;74;7404;Parral;FDF;127;VII
216;216;Ñiquén;-36.293611;-71.8936;154;8;84;8409;Ñiquén;FDF;127;VIII;216;216;Ñiquén;-36.293611;-71.8936;154;8;84;8409;Ñiquén;FDF;127;VIII
217;217;Ninhue;-36.398105;-72.3952;78;8;84;8408;Ninhue;INIA;128;VIII;217;217;Ninhue;-36.398105;-72.3952;78;8;84;8408;Ninhue;INIA;128;VIII
218;218;Sta Rosa;-36.535195;-71.9164;181;8;84;8401;Chillán;INIA;129;VIII;218;218;Sta Rosa;-36.535195;-71.9164;181;8;84;8401;Chillán;INIA;129;VIII
219;219;Los Coligues Ex - Chillán Viejo;-36.629167;-72.2333;67;8;84;8401;Chillán;FDF;130;VIII;219;219;Los Coligues Ex - Chillán Viejo;-36.629167;-72.2333;67;8;84;8401;Chillán;FDF;130;VIII
220;220;Bulnes;-36.735556;-72.3669;56;8;84;8402;Bulnes;FDF;130;VIII;220;220;Bulnes;-36.735556;-72.3669;56;8;84;8402;Bulnes;FDF;130;VIII
221;221;Portezuelo;-36.532037;-72.3683;106;8;84;8412;Portezuelo;INIA;130;VIII;221;221;Portezuelo;-36.532037;-72.3683;106;8;84;8412;Portezuelo;INIA;130;VIII
222;222;Pinto;-36.713333;-71.8756;301;8;84;8411;Pinto;FDF;131;VIII;222;222;Pinto;-36.713333;-71.8756;301;8;84;8411;Pinto;FDF;131;VIII
223;223;Quillón;-36.745;-72.5047;62;8;84;8413;Quillón;FDF;132;VIII;223;223;Quillón;-36.745;-72.5047;62;8;84;8413;Quillón;FDF;132;VIII
224;224;Nueva Aldea;-36.6489;-72.5135;71;8;84;8415;Ránquil;INIA;132;VIII;224;224;Nueva Aldea;-36.6489;-72.5135;71;8;84;8415;Ránquil;INIA;132;VIII
225;225;San Ignacio;-36.843611;-72.1247;175;8;84;8418;San Ignacio;FDF;133;VIII;225;225;San Ignacio;-36.843611;-72.1247;175;8;84;8418;San Ignacio;FDF;133;VIII
226;226;San Nicolás;-36.517778;-72.0944;112;8;84;8419;San Nicolás;FDF;133;VIII;226;226;San Nicolás;-36.517778;-72.0944;112;8;84;8419;San Nicolás;FDF;133;VIII
227;227;Termas de Chillán;-36.9;-71.41;1716;8;84;8411;Pinto;DMC;134;VIII;227;227;Termas de Chillán;-36.9;-71.41;1716;8;84;8411;Pinto;DMC;134;VIII
228;228;Chiguayante;-36.91349;-73.0355;14;8;81;8103;Chiguayante;INIA;135;VIII;228;228;Chiguayante;-36.91349;-73.0355;14;8;81;8103;Chiguayante;INIA;135;VIII
229;229;Coronel;-37.004823;-73.1404;41;8;81;8102;Coronel;INIA;135;VIII;229;229;Coronel;-37.004823;-73.1404;41;8;81;8102;Coronel;INIA;135;VIII
230;230;Punta Parra;-36.672394;-72.9647;196;8;81;8111;Tomé;INIA;135;VIII;230;230;Punta Parra;-36.672394;-72.9647;196;8;81;8111;Tomé;INIA;135;VIII
231;231;Coihueco;-36.557222;-71.8172;211;8;84;8405;Coihueco;FDF;136;VIII;231;231;Coihueco;-36.557222;-71.8172;211;8;84;8405;Coihueco;FDF;136;VIII
232;232;Trehualemu Ex - San Ignacio Sur;-36.920833;-71.8933;366;8;84;8407;El Carmen;FDF;136;VIII;232;232;Trehualemu Ex - San Ignacio Sur;-36.920833;-71.8933;366;8;84;8407;El Carmen;FDF;136;VIII
233;233;Navidad;-36.907301;-71.9356;305;8;84;8407;El Carmen;INIA;136;VIII;233;233;Navidad;-36.907301;-71.9356;305;8;84;8407;El Carmen;INIA;136;VIII
234;234;Yungay;-37.141385;-72.0118;259;8;84;8421;Yungay;INIA;137;VIII;234;234;Yungay;-37.141385;-72.0118;259;8;84;8421;Yungay;INIA;137;VIII
235;235;Las Viñas;-37.501389;-72.3006;148;8;83;8301;Los Ángeles;FDF;139;VIII;235;235;Las Viñas;-37.501389;-72.3006;148;8;83;8301;Los Ángeles;FDF;139;VIII
236;236;Human;-37.433556;-72.244;190;8;83;8301;Los Ángeles;INIA;139;VIII;236;236;Human;-37.433556;-72.244;190;8;83;8301;Los Ángeles;INIA;139;VIII
237;237;Lebu;-37.682541;-73.5222;195;8;82;8201;Lebu;INIA;140;VIII;237;237;Lebu;-37.682541;-73.5222;195;8;82;8201;Lebu;INIA;140;VIII
238;238;Mulchén;-37.703611;-72.2169;180;8;83;8305;Mulchén;FDF;141;VIII;238;238;Mulchén;-37.703611;-72.2169;180;8;83;8305;Mulchén;FDF;141;VIII
239;239;Guilisasti;-37.648333;-72.2161;187;8;83;8305;Mulchén;METEOVID;141;VIII;239;239;Guilisasti;-37.648333;-72.2161;187;8;83;8305;Mulchén;METEOVID;141;VIII
240;240;Cañete;-37.892071;-73.4117;29;8;82;8203;Cañete;INIA;142;VIII;240;240;Cañete;-37.892071;-73.4117;29;8;82;8203;Cañete;INIA;142;VIII
241;241;Negrete;-37.595278;-72.4667;85;8;83;8305;Mulchén;FDF;138;VIII;241;241;Negrete;-37.595278;-72.4667;85;8;83;8305;Mulchén;FDF;138;VIII
242;242;Los Ángeles;-37.447222;-72.5172;87;8;83;8301;Los Ángeles;FDF;138;VIII;242;242;Los Ángeles;-37.447222;-72.5172;87;8;83;8301;Los Ángeles;FDF;138;VIII
243;243;Tierras Nobles;-37.441944;-72.6178;87;8;83;8301;Los Ángeles;FDF;138;VIII;243;243;Tierras Nobles;-37.441944;-72.6178;87;8;83;8301;Los Ángeles;FDF;138;VIII
244;244;Renaico;-37.726111;-72.6047;75;9;92;9209;Renaico;FDF;138;IX;244;244;Renaico;-37.726111;-72.6047;75;9;92;9209;Renaico;FDF;138;IX
245;245;Manzanares;-37.7725;-72.54611;88;9;92;9209;Renaico;INIA;138;IX;245;245;Manzanares;-37.7725;-72.54611;88;9;92;9209;Renaico;INIA;138;IX
246;246;Collipulli (INIA);-37.92;-72.42;257;9;92;9202;Collipulli;INIA;143;IX;246;246;Collipulli (INIA);-37.92;-72.42;257;9;92;9202;Collipulli;INIA;143;IX
247;247;Collipulli (FDF);-38.001111;-72.2456;374;9;92;9202;Collipulli;FDF;144;IX;247;247;Collipulli (FDF);-38.001111;-72.2456;374;9;92;9202;Collipulli;FDF;144;IX
248;248;Victoria;-38.22;-72.27;381;9;92;9211;Victoria;INIA;144;IX;248;248;Victoria;-38.22;-72.27;381;9;92;9211;Victoria;INIA;144;IX
249;249;Galvarino;-38.359167;-72.7097;217;9;92;9210;Traiguén;FDF;145;IX;249;249;Galvarino;-38.359167;-72.7097;217;9;92;9210;Traiguén;FDF;145;IX
250;250;Traiguén;-38.357222;-72.5475;243;9;92;9210;Traiguén;FDF;145;IX;250;250;Traiguén;-38.357222;-72.5475;243;9;92;9210;Traiguén;FDF;145;IX
251;251;La Providencia;-38.289444;-72.6114;235;9;92;9210;Traiguén;INIA;145;IX;251;251;La Providencia;-38.289444;-72.6114;235;9;92;9210;Traiguén;INIA;145;IX
252;252;Galvarino;-38.4;-72.72;114;9;91;9106;Galvarino;INIA;146;IX;252;252;Galvarino;-38.4;-72.72;114;9;91;9106;Galvarino;INIA;146;IX
253;253;Curacautín-San Luis;-38.401667;-71.9025;573;9;92;9203;Curacautín;INIA;147;IX;253;253;Curacautín-San Luis;-38.401667;-71.9025;573;9;92;9203;Curacautín;INIA;147;IX
254;254;Lonquimay;-38.45;-71.37;913;9;92;9205;Lonquimay;INIA;148;IX;254;254;Lonquimay;-38.45;-71.37;913;9;92;9205;Lonquimay;INIA;148;IX
255;255;Lonquimay;-38.46;-71.36;909;9;92;9205;Lonquimay;DMC;148;IX;255;255;Lonquimay;-38.46;-71.36;909;9;92;9205;Lonquimay;DMC;148;IX
256;256;Carillanca;-38.693056;-72.4172;184;9;91;9119;Vilcún;INIA;149;IX;256;256;Carillanca;-38.693056;-72.4172;184;9;91;9119;Vilcún;INIA;149;IX
257;257;Lautaro;-38.466667;-72.2333;321;9;91;9108;Lautaro;INIA;149;IX;257;257;Lautaro;-38.466667;-72.2333;321;9;91;9108;Lautaro;INIA;149;IX
258;258;Tranapuente;-38.690833;-73.3533;61;9;91;9102;Carahue;INIA;150;IX;258;258;Tranapuente;-38.690833;-73.3533;61;9;91;9102;Carahue;INIA;150;IX
259;259;Nueva Imperial;-38.761389;-72.8775;34;9;91;9111;Nueva Imperial;FDF;151;IX;259;259;Nueva Imperial;-38.761389;-72.8775;34;9;91;9111;Nueva Imperial;FDF;151;IX
260;260;Sta. Adela;-38.756111;-72.8914;28;9;91;9111;Nueva Imperial;INIA;151;IX;260;260;Sta. Adela;-38.756111;-72.8914;28;9;91;9111;Nueva Imperial;INIA;151;IX
261;261;Cholchol;-38.55;-72.87;28;9;91;9121;Cholchol;INIA;151;IX;261;261;Cholchol;-38.55;-72.87;28;9;91;9121;Cholchol;INIA;151;IX
262;262;Melipeuco;-38.833333;-71.6833;521;9;91;9110;Melipeuco;INIA;152;IX;262;262;Melipeuco;-38.833333;-71.6833;521;9;91;9110;Melipeuco;INIA;152;IX
263;263;Freire;-38.971389;-72.7842;69;9;91;9105;Freire;FDF;153;IX;263;263;Freire;-38.971389;-72.7842;69;9;91;9105;Freire;FDF;153;IX
264;264;Araucanía;-38.97;-72.56;124;9;91;9105;Freire;DMC;154;IX;264;264;Araucanía;-38.97;-72.56;124;9;91;9105;Freire;DMC;154;IX
265;265;Cunco;-39.006667;-72.2514;221;9;91;9103;Cunco;FDF;155;IX;265;265;Cunco;-39.006667;-72.2514;221;9;91;9103;Cunco;FDF;155;IX
266;266;Pocoyan (FDF);-38.9925;-73.0989;29;9;91;9117;Teodoro Schmidt;FDF;156;IX;266;266;Pocoyan (FDF);-38.9925;-73.0989;29;9;91;9117;Teodoro Schmidt;FDF;156;IX
267;267;C. Llollinco;-38.976944;-72.9978;34;9;91;9117;Teodoro Schmidt;INIA;156;IX;267;267;C. Llollinco;-38.976944;-72.9978;34;9;91;9117;Teodoro Schmidt;INIA;156;IX
268;268;Domínguez;-38.918611;-73.2403;93;9;91;9116;Saavedra;INIA;156;IX;268;268;Domínguez;-38.918611;-73.2403;93;9;91;9116;Saavedra;INIA;156;IX
269;269;Pocoyan (INIA);-39.035556;-73.0586;27;9;91;9118;Toltén;INIA;156;IX;269;269;Pocoyan (INIA);-39.035556;-73.0586;27;9;91;9118;Toltén;INIA;156;IX
270;270;Quiripio;-38.639722;-73.2442;281;9;91;9102;Carahue;INIA;156;IX;270;270;Quiripio;-38.639722;-73.2442;281;9;91;9102;Carahue;INIA;156;IX
271;271;Gorbea;-39.103056;-72.6153;100;9;91;9107;Gorbea;FDF;157;IX;271;271;Gorbea;-39.103056;-72.6153;100;9;91;9107;Gorbea;FDF;157;IX
272;272;Cuarta Faja;-39.115556;-72.6053;;9;91;9107;Gorbea;INIA;157;IX;272;272;Cuarta Faja;-39.115556;-72.6053;;9;91;9107;Gorbea;INIA;157;IX
273;273;Gorbea-San José;-39.104167;-72.6544;;9;91;9107;Gorbea;INIA;157;IX;273;273;Gorbea-San José;-39.104167;-72.6544;;9;91;9107;Gorbea;INIA;157;IX
274;274;Villarrica-Loncoche;-39.283333;-72.45;235;9;91;9109;Loncoche;INIA;158;IX;274;274;Villarrica-Loncoche;-39.283333;-72.45;235;9;91;9109;Loncoche;INIA;158;IX
275;275;Curarrehue;-39.35;-71.5667;515;9;91;9104;Curarrehue;INIA;159;IX;275;275;Curarrehue;-39.35;-71.5667;515;9;91;9104;Curarrehue;INIA;159;IX
276;276;Pucón;-39.355833;-71.7814;434;9;91;9115;Pucón;FDF;160;IX;276;276;Pucón;-39.355833;-71.7814;434;9;91;9115;Pucón;FDF;160;IX
277;277;Loncoche;-39.393333;-72.6367;102;9;91;9109;Loncoche;FDF;161;IX;277;277;Loncoche;-39.393333;-72.6367;102;9;91;9109;Loncoche;FDF;161;IX
278;278;Mariquina;-39.620833;-73.0733;17;14;141;14106;Mariquina;FDF;162;XIV;278;278;Mariquina;-39.620833;-73.0733;17;14;141;14106;Mariquina;FDF;162;XIV
279;279;Las Lomas;-39.700929;-73.0148;10;14;141;14105;Máfil;INIA;162;XIV;279;279;Las Lomas;-39.700929;-73.0148;10;14;141;14105;Máfil;INIA;162;XIV
280;280;Santa Rosa;-39.79;-73.23;17;14;141;14101;Valdivia;UACH;162;XIV;280;280;Santa Rosa;-39.79;-73.23;17;14;141;14101;Valdivia;UACH;162;XIV
281;281;Pichoy;-39.65;-73.08;11;14;141;14106;Mariquina;DMC;162;XIV;281;281;Pichoy;-39.65;-73.08;11;14;141;14106;Mariquina;DMC;162;XIV
282;282;EE Austral;-39.788389;-73.234694;15;14;141;14101;Valdivia;UACH;162;XIV;282;282;EE Austral;-39.788389;-73.234694;15;14;141;14101;Valdivia;UACH;162;XIV
283;283;Paillaco Norte;-40.045833;-72.9014;70;14;141;14107;Paillaco;FDF;163;XIV;283;283;Paillaco Norte;-40.045833;-72.9014;70;14;141;14107;Paillaco;FDF;163;XIV
284;284;Lago Verde;-40.165081;-72.6338;251;14;141;14107;Paillaco;INIA;164;XIV;284;284;Lago Verde;-40.165081;-72.6338;251;14;141;14107;Paillaco;INIA;164;XIV
285;285;Paillaco;-40.096389;-72.9267;72;14;141;14107;Paillaco;FDF;165;XIV;285;285;Paillaco;-40.096389;-72.9267;72;14;141;14107;Paillaco;FDF;165;XIV
286;286;Palermo;-40.259225;-73.1065;80;14;142;14201;La Unión;INIA;165;XIV;286;286;Palermo;-40.259225;-73.1065;80;14;142;14201;La Unión;INIA;165;XIV
287;287;Río Bueno;-40.322778;-72.9794;24;14;142;14201;La Unión;FDF;166;XIV;287;287;Río Bueno;-40.322778;-72.9794;24;14;142;14201;La Unión;FDF;166;XIV
288;288;La Unión;-40.316667;-73.0242;23;14;142;14201;La Unión;FDF;166;XIV;288;288;La Unión;-40.316667;-73.0242;23;14;142;14201;La Unión;FDF;166;XIV
289;289;El Cardal;-40.386737;-72.9191;70;14;142;14204;Río Bueno;INIA;166;XIV;289;289;El Cardal;-40.386737;-72.9191;70;14;142;14204;Río Bueno;INIA;166;XIV
290;290;La Unión Norte;-40.288689;-73.0714;20;14;142;14201;La Unión;FDF;166;XIV;290;290;La Unión Norte;-40.288689;-73.0714;20;14;142;14201;La Unión;FDF;166;XIV
291;291;Santa Carla;-39.679571;-72.6114;228;14;141;14104;Los Lagos;INIA;167;XIV;291;291;Santa Carla;-39.679571;-72.6114;228;14;141;14104;Los Lagos;INIA;167;XIV
292;292;Osorno;-40.533333;-73.0725;76;10;103;10301;Osorno;FDF;168;X;292;292;Osorno;-40.533333;-73.0725;76;10;103;10301;Osorno;FDF;168;X
293;293;Remehue;-40.522204;-73.0637;63;10;103;10301;Osorno;INIA;168;X;293;293;Remehue;-40.522204;-73.0637;63;10;103;10301;Osorno;INIA;168;X
294;294;Quilacahuín;-40.347946;-73.3075;11;10;103;10307;San Pablo;INIA;168;X;294;294;Quilacahuín;-40.347946;-73.3075;11;10;103;10307;San Pablo;INIA;168;X
295;295;Desagüe Rupanco;-40.752634;-72.6639;263;10;103;10304;Puyehue;INIA;169;X;295;295;Desagüe Rupanco;-40.752634;-72.6639;263;10;103;10304;Puyehue;INIA;169;X
296;296;Río Negro;-40.764722;-73.1519;76;10;103;10305;Río Negro;FDF;170;X;296;296;Río Negro;-40.764722;-73.1519;76;10;103;10305;Río Negro;FDF;170;X
297;297;La Pampa;-40.860639;-73.1569;104;10;103;10303;Purranque;INIA;170;X;297;297;La Pampa;-40.860639;-73.1569;104;10;103;10303;Purranque;INIA;170;X
298;298;Purranque;-40.879444;-73.0525;109;10;103;10303;Purranque;FDF;171;X;298;298;Purranque;-40.879444;-73.0525;109;10;103;10303;Purranque;FDF;171;X
299;299;Frutillar;-41.028889;-73.0442;92;10;101;10105;Frutillar;FDF;171;X;299;299;Frutillar;-41.028889;-73.0442;92;10;101;10105;Frutillar;FDF;171;X
300;300;Octay;-40.957156;-72.8855;187;10;103;10302;Puerto Octay;INIA;171;X;300;300;Octay;-40.957156;-72.8855;187;10;103;10302;Puerto Octay;INIA;171;X
301;301;Quilanto;-41.030728;-72.9963;157;10;101;10105;Frutillar;INIA;171;X;301;301;Quilanto;-41.030728;-72.9963;157;10;101;10105;Frutillar;INIA;171;X
302;302;Polizones;-41.115147;-73.3766;133;10;101;10104;Fresia;INIA;172;X;302;302;Polizones;-41.115147;-73.3766;133;10;101;10104;Fresia;INIA;172;X
303;303;Colegual;-41.221843;-73.2599;169;10;101;10107;Llanquihue;INIA;173;X;303;303;Colegual;-41.221843;-73.2599;169;10;101;10107;Llanquihue;INIA;173;X
304;304;Ensenada;-41.233469;-72.5161;73;10;101;10109;Puerto Varas;INIA;174;X;304;304;Ensenada;-41.233469;-72.5161;73;10;101;10109;Puerto Varas;INIA;174;X
305;305;Los Canelos;-41.481326;-73.4744;109;10;101;10106;Los Muermos;INIA;175;X;305;305;Los Canelos;-41.481326;-73.4744;109;10;101;10106;Los Muermos;INIA;175;X
306;306;Butalcura;-42.261762;-73.6508;148;10;102;10205;Dalcahue;INIA;176;X;306;306;Butalcura;-42.261762;-73.6508;148;10;102;10205;Dalcahue;INIA;176;X
307;307;Huyar Alto;-42.403919;-73.5682;155;10;102;10204;Curaco de Vélez;INIA;177;X;307;307;Huyar Alto;-42.403919;-73.5682;155;10;102;10204;Curaco de Vélez;INIA;177;X
308;308;Tara;-42.703731;-73.7885;136;10;102;10203;Chonchi;INIA;178;X;308;308;Tara;-42.703731;-73.7885;136;10;102;10203;Chonchi;INIA;178;X
309;309;Aysén;-45.431944;-72.7144;7;11;112;11201;Aysén;FDF;179;XI;309;309;Aysén;-45.431944;-72.7144;7;11;112;11201;Aysén;FDF;179;XI
310;310;Coyhaique;-45.739722;-72.1258;292;11;111;11101;Coyhaique;FDF;180;XI;310;310;Coyhaique;-45.739722;-72.1258;292;11;111;11101;Coyhaique;FDF;180;XI
311;311;Tamelaike;-45.759114;-72.0618;465;11;111;11101;Coyhaique;INIA;181;XI;311;311;Tamelaike;-45.759114;-72.0618;465;11;111;11101;Coyhaique;INIA;181;XI
312;312;Vista Hermosa;-45.936818;-71.8353;723;11;111;11101;Coyhaique;INIA;182;XI;312;312;Vista Hermosa;-45.936818;-71.8353;723;11;111;11101;Coyhaique;INIA;182;XI
313;313;El Claro;-45.9812;-72.0923;1262;11;111;11101;Coyhaique;INIA;183;XI;313;313;El Claro;-45.9812;-72.0923;1262;11;111;11101;Coyhaique;INIA;183;XI
314;314;Chile Chico;-46.543242;-71.6993;215;11;114;11401;Chile Chico;INIA;184;XI;314;314;Chile Chico;-46.543242;-71.6993;215;11;114;11401;Chile Chico;INIA;184;XI
315;315;Cochrane;-47.241733;-72.5822;208;11;113;11301;Cochrane;INIA;185;XI;315;315;Cochrane;-47.241733;-72.5822;208;11;113;11301;Cochrane;INIA;185;XI
316;316;Villa O'Higgins;-48.36;-72.64;586;11;113;11302;O'Higgins;DMC;186;XI;316;316;Villa O'Higgins;-48.36;-72.64;586;11;113;11302;O'Higgins;DMC;186;XI
317;317;Puerto Natales;-51.698367;-72.4831;79;12;124;12401;Natales;INIA;187;XII;317;317;Puerto Natales;-51.698367;-72.4831;79;12;124;12401;Natales;INIA;187;XII
318;318;Kampenaike;-52.612048;-70.9432;105;12;121;12102;Laguna Blanca;INIA;188;XII;318;318;Kampenaike;-52.612048;-70.9432;105;12;121;12102;Laguna Blanca;INIA;188;XII
319;319;Tierra del Fuego;-52.80432;-69.2737;58;12;123;12302;Primavera;INIA;189;XII;319;319;Tierra del Fuego;-52.80432;-69.2737;58;12;123;12302;Primavera;INIA;189;XII
320;320;Isla Riesco / Río Verde;-53.030495;-71.9336;86;12;121;12103;Río Verde;INIA;190;XII;320;320;Isla Riesco / Río Verde;-53.030495;-71.9336;86;12;121;12103;Río Verde;INIA;190;XII
321;321;Punta Arenas Rural;-53.068313;-70.8738;37;12;121;12101;Punta Arenas;INIA;191;XII;321;321;Punta Arenas Rural;-53.068313;-70.8738;37;12;121;12101;Punta Arenas;INIA;191;XII
322;322;Punta Arenas;-53.15;-70.93;36;12;121;12101;Punta Arenas;DMC;192;XII;322;322;Punta Arenas;-53.15;-70.93;36;12;121;12101;Punta Arenas;DMC;192;XII
;;;;;;;;;;;;;;;;;;;;;;;;;
;;;;;;;;;;;;;;;;;;;;;;;;;
;Visviri;-17.594605;-69.4774;4075;15;152;15202;General Lagos;INIA;1;XV;;;;;;;;;;;;;;
;Putre;-18.196949;-69.5537;3570;15;152;15201;Putre;INIA;2;XV;;;;;;;;;;;;;;
;Socoroma;-18.263889;-69.6077;3048;15;152;15201;Putre;INIA;3;XV;;;;;;;;;;;;;;
;Lago Chungará;-18.281824;-69.1385;4555;15;152;15201;Putre;INIA;4;XV;;;;;;;;;;;;;;
;Lluta Alto;-18.393556;-69.9633;891;15;151;15101;Arica;INIA;5;XV;;;;;;;;;;;;;;
;Lluta Bajo Km. 10;-18.41371;-70.2061;213;15;151;15101;Arica;INIA;6;XV;;;;;;;;;;;;;;
;Puro Chile - Lluta medio;-18.452168;-70.0671;552;15;151;15101;Arica;INIA;7;XV;;;;;;;;;;;;;;
;Azapa medio Km. 19;-18.547728;-70.1246;384;15;151;15101;Arica;INIA;11;XV;;;;;;;;;;;;;;
;Cerro Blanco;-18.57507;-70.0697;519;15;151;15101;Arica;INIA;8;XV;;;;;;;;;;;;;;
;Azapa Alto;-18.577454;-69.9473;841;15;151;15101;Arica;INIA;9;XV;;;;;;;;;;;;;;
;Salar de Surire;-18.794647;-69.0844;4269;15;152;15201;Putre;INIA;10;XV;;;;;;;;;;;;;;
;Chaca;-18.809978;-70.1561;318;15;151;15101;Arica;INIA;11;XV;;;;;;;;;;;;;;
;Codpa;-18.832508;-69.7456;1859;15;151;15102;Camarones;INIA;12;XV;;;;;;;;;;;;;;
;Camarones;-19.010679;-69.8573;717;1;14;1404;Huara;INIA;13;I;;;;;;;;;;;;;;
;Ollagüe;-21.2167;-68.2331;3696;2;22;2202;Ollagüe;INIA;14;II;;;;;;;;;;;;;;
;Chiu Chiu;-22.320236;-68.6505;2558;2;22;2201;Calama;INIA;15;II;;;;;;;;;;;;;;
;Caspana;-22.334515;-68.2136;3232;2;22;2201;Calama;INIA;16;II;;;;;;;;;;;;;;
;Calama Rural;-22.47103;-68.943;3342;2;22;2201;Calama;INIA;17;II;;;;;;;;;;;;;;
;San Pedro de Atacama;-22.9322;-68.2135;2407;2;22;2203;San Pedro de Atacama;INIA;18;II;;;;;;;;;;;;;;
;Toconao;-23.1905;-68.0072;2473;2;22;2203;San Pedro de Atacama;INIA;19;II;;;;;;;;;;;;;;
;Socaire;-23.590586;-67.8901;3268;2;22;2203;San Pedro de Atacama;INIA;20;II;;;;;;;;;;;;;;
;Bodega;-27.343611;-70.3728;347;3;31;3101;Copiapó;FDF;22;III;;;;;;;;;;;;;;
;Copiapó;-27.345833;-70.4078;342;3;31;3101;Copiapó;FDF;21;III;;;;;;;;;;;;;;
;Jotabeche;-27.588611;-70.2447;599;3;31;3103;Tierra Amarilla;FDF;23;III;;;;;;;;;;;;;;
;Hornitos;-27.728889;-70.1967;769;3;31;3103;Tierra Amarilla;FDF;24;III;;;;;;;;;;;;;;
;Amolana Copiapó;-27.959806;-70.01;1091;3;31;3103;Tierra Amarilla;INIA;25;III;;;;;;;;;;;;;;
;Tranque Lautaro;-27.975583;-70;1132;3;31;3103;Tierra Amarilla;FDF;25;III;;;;;;;;;;;;;;
;Vallenar;-28.526306;-70.9431;226;3;33;3303;Freirina;FDF;26;III;;;;;;;;;;;;;;
;CE Huasco Vallenar;-28.58113;-70.7983;465;3;33;3301;Vallenar;INIA;27;III;;;;;;;;;;;;;;
;Alto del Carmen;-28.768167;-70.4492;822;3;33;3302;Alto del Carmen;FDF;28;III;;;;;;;;;;;;;;
;Punta de Choros;-29.2459;-71.4687;0;4;41;4104;La Higuera;Ceaza;29;IV;;;;;;;;;;;;;;
;Islote Pájaros;-29.5851;-71.5375;0;4;41;4104;La Higuera;Ceaza;31;IV;;;;;;;;;;;;;;
;La Serena [El Romeral];-29.75;-71.25;154;4;41;4101;La Serena;Ceaza;30;IV;;;;;;;;;;;;;;
;Rivadavia;-29.9618;-70.5389;882;4;41;4106;Vicuña;Ceaza;35;IV;;;;;;;;;;;;;;
;UCN Guayacán;-29.9666;-71.3528;0;4;41;4102;Coquimbo;Ceaza;31;IV;;;;;;;;;;;;;;
;Gabriela Mistral;-29.9833;-71.0833;234;4;41;4101;La Serena;Ceaza;32;IV;;;;;;;;;;;;;;
;Coquimbo [El Panul];-30;-71.4;139;4;41;4102;Coquimbo;Ceaza;31;IV;;;;;;;;;;;;;;
;Falernia;-30.0275;-70.8017;514;4;41;4106;Vicuña;METEOVID;33;IV;;;;;;;;;;;;;;
;Vicuña [INIA];-30.0383;-70.6966;637;4;41;4106;Vicuña;Ceaza;34;IV;;;;;;;;;;;;;;
;Vicuña;-30.038333;-70.6967;638;4;41;4106;Vicuña;FDF;34;IV;;;;;;;;;;;;;;
;Paiguano;-30.046944;-70.5108;1198;4;41;4105;Paiguano;FDF;35;IV;;;;;;;;;;;;;;
;Pan de Azúcar [INIA];-30.0667;-71.2333;147;4;41;4102;Coquimbo;Ceaza;36;IV;;;;;;;;;;;;;;
;Pisco Elqui;-30.1167;-70.4833;1588;4;41;4105;Paiguano;Ceaza;35;IV;;;;;;;;;;;;;;
;La Laguna [Elqui];-30.2029;-70.0372;3212;4;41;4106;Vicuña;Ceaza;37;IV;;;;;;;;;;;;;;
;Las Cardas;-30.2515;-71.2569;289;4;41;4102;Coquimbo;Ceaza;32;IV;;;;;;;;;;;;;;
;Tongoy [Chispa];-30.278;-71.56317;0;4;41;4102;Coquimbo;Ceaza;31;IV;;;;;;;;;;;;;;
;Hurtado [Lavaderos];-30.3092;-70.6265;1462;4;43;4305;Río Hurtado;Ceaza;38;IV;;;;;;;;;;;;;;
;Recoleta;-30.490917;-71.1658;408;4;43;4301;Ovalle;FDF;40;IV;;;;;;;;;;;;;;
;Quebrada Seca;-30.4961;-71.4905;188;4;43;4301;Ovalle;Ceaza;39;IV;;;;;;;;;;;;;;
;Tamaya;-30.566389;-71.3961;291;4;43;4301;Ovalle;METEOVID;41;IV;;;;;;;;;;;;;;
;Ovalle [Talhuén];-30.592;-71.248;297;4;43;4301;Ovalle;Ceaza;47;IV;;;;;;;;;;;;;;
;Algarrobo Bajo;-30.6331;-71.4514;72;4;43;4301;Ovalle;INIA;42;IV;;;;;;;;;;;;;;
;San Julián;-30.655278;-71.3189;262;4;43;4301;Ovalle;FDF;44;IV;;;;;;;;;;;;;;
;Monte Patria;-30.682222;-70.9394;565;4;43;4303;Monte Patria;FDF;43;IV;;;;;;;;;;;;;;
;Camarico;-30.69899;-71.3217;253;4;43;4301;Ovalle;INIA;44;IV;;;;;;;;;;;;;;
;Rapel;-30.7232;-70.7726;859;4;43;4303;Monte Patria;Ceaza;45;IV;;;;;;;;;;;;;;
;Los Molles [Bocatoma];-30.7461;-70.4192;2530;4;43;4303;Monte Patria;Ceaza;46;IV;;;;;;;;;;;;;;
;El Palqui;-30.746389;-70.9369;457;4;43;4303;Monte Patria;FDF;48;IV;;;;;;;;;;;;;;
;Monte Patria El Palqui;-30.774544;-70.9268;501;4;43;4303;Monte Patria;INIA;48;IV;;;;;;;;;;;;;;
;Punitaqui;-30.78;-71.2561;217;4;43;4304;Punitaqui;FDF;47;IV;;;;;;;;;;;;;;
;Combarbalá;-31.188333;-70.9989;942;4;43;4302;Combarbalá;FDF;49;IV;;;;;;;;;;;;;;
;Canela;-31.39;-71.41;341;4;42;4202;Canela;Ceaza;50;IV;;;;;;;;;;;;;;
;Huintil;-31.5732;-70.9983;581;4;42;4201;Illapel;Ceaza;51;IV;;;;;;;;;;;;;;
;Illapel [INIA];-31.6483;-71.1689;373;4;42;4201;Illapel;Ceaza;52;IV;;;;;;;;;;;;;;
;Illapel [FDF];-31.731056;-71.2056;273;4;42;4201;Illapel;FDF;53;IV;;;;;;;;;;;;;;
;Salamanca;-31.787389;-70.9596;509;4;42;4204;Salamanca;FDF;54;IV;;;;;;;;;;;;;;
;Salamanca [Chillepín];-31.89;-70.75;822;4;42;4204;Salamanca;Ceaza;55;IV;;;;;;;;;;;;;;
;El Chacalaco;-32.181267;-70.78492;893;;;;;UBICACIÓN DESDE VISMET;;;;;;;;;;;;;;;;
;Petorca (INIA);-32.2;-70.97;1029;5;54;5404;Petorca;INIA;56;V;;;;;;;;;;;;;;
;El Sobrante;-32.228794;-70.799309;772;;;;;UBICACIÓN DESDE VISMET;;;;;;;;;;;;;;;;
;Huaquen;-32.34278;-71.40868;51;;;;;UBICACIÓN DESDE VISMET;;;;;;;;;;;;;;;;
;Cabildo;-32.362194;-70.8197;541;5;54;5402;Cabildo;FDF;57;V;;;;;;;;;;;;;;
;Petorca (FDF);-32.396667;-71.0294;243;5;54;5402;Cabildo;FDF;58;V;;;;;;;;;;;;;;
;Putaendo;-32.593694;-70.7261;864;5;57;5705;Putaendo;FDF;59;V;;;;;;;;;;;;;;
;Santa María;-32.749167;-70.6603;702;5;57;5706;Santa María;FDF;65;V;;;;;;;;;;;;;;
;San Esteban;-32.750444;-70.5576;950;5;53;5304;San Esteban;FDF;60;V;;;;;;;;;;;;;;
;San Felipe;-32.755278;-70.7069;661;5;57;5701;San Felipe;FDF;65;V;;;;;;;;;;;;;;
;Panquehue;-32.756639;-70.8088;540;5;57;5704;Panquehue;FDF;61;V;;;;;;;;;;;;;;
;Catemu;-32.757778;-70.9428;442;5;57;5702;Catemu;FDF;61;V;;;;;;;;;;;;;;
;Curimón;-32.799972;-70.700306;698;;;;;UBICACIÓN DESDE VISMET;;;;;;;;;;;;;;;;
;La Cruz (INIA);-32.822;-71.2304;169;5;55;5504;La Cruz;INIA;62;V;;;;;;;;;;;;;;
;Rinconada;-32.837056;-70.6925;715;5;53;5303;Rinconada;FDF;65;V;;;;;;;;;;;;;;
;La Cruz (FDF);-32.843056;-71.2128;137;5;55;5504;La Cruz;FDF;62;V;;;;;;;;;;;;;;
;Hijuelas;-32.847944;-71.0671;313;5;55;5503;Hijuelas;FDF;64;V;;;;;;;;;;;;;;
;Libertadores;-32.85;-70.11917;2953;5;53;5301;Los Andes;DMC;63;V;;;;;;;;;;;;;;
;Calle Larga;-32.870556;-70.6461;772;5;53;5302;Calle Larga;FDF;65;V;;;;;;;;;;;;;;
;Quillota;-32.892389;-71.2067;128;5;55;5501;Quillota;FDF;62;V;;;;;;;;;;;;;;
;Errázuriz;-32.898611;-71.3517;107;5;55;5501;Quillota;METEOVID;66;V;;;;;;;;;;;;;;
;Llaillay;-32.903333;-70.9506;431;5;57;5703;Llaillay;FDF;61;V;;;;;;;;;;;;;;
;Limache;-32.994444;-71.2607;89;5;58;5802;Limache;FDF;62;V;;;;;;;;;;;;;;
;Olmué;-33.021944;-71.1864;143;5;58;5803;Olmué;FDF;62;V;;;;;;;;;;;;;;
;Huenchún Ex Lampa;-33.08;-70.77;579;13;133;13303;Tiltil;FDF;67;XIII;;;;;;;;;;;;;;
;Tiltil;-33.121333;-70.8348;544;13;133;13303;Tiltil;FDF;65;XIII;;;;;;;;;;;;;;
;Colina;-33.218778;-70.7158;540;13;133;13301;Colina;FDF;68;XIII;;;;;;;;;;;;;;
;Lo Pinto;-33.27;-70.73;499;13;133;13301;Colina;DMC;68;XIII;;;;;;;;;;;;;;
;Ventisquero-Tapihue;-33.300556;-71.2833;322;5;51;5102;Casablanca;METEOVID;69;V;;;;;;;;;;;;;;
;Casablanca;-33.320833;-71.4372;256;5;51;5102;Casablanca;FDF;70;V;;;;;;;;;;;;;;
;Emiliana;-33.361389;-71.3092;294;5;51;5102;Casablanca;METEOVID;69;V;;;;;;;;;;;;;;
;Curacaví;-33.438611;-71.0256;183;13;135;13503;Curacaví;FDF;71;XIII;;;;;;;;;;;;;;
;San Pablo;-33.442222;-70.7467;484;13;131;13124;Pudahuel;DMC;72;XIII;;;;;;;;;;;;;;
;Lo Prado;-33.458056;-70.948611;1064;13;131;13124;Pudahuel;DMC;73;XIII;;;;;;;;;;;;;;
;Casa Rivas (N.C.);-33.506389;-71.0608;168;13;135;13504;María Pinto;METEOVID;71;XIII;;;;;;;;;;;;;;
;Casa Marín;-33.524444;-71.5456;23;5;56;5603;Cartagena;METEOVID;78;V;;;;;;;;;;;;;;
;La Platina;-33.56987;-70.628;624;13;131;13112;La Pintana;INIA;75;XIII;;;;;;;;;;;;;;
;Morandé;-33.581389;-70.7167;547;13;134;13401;San Bernardo;METEOVID;75;XIII;;;;;;;;;;;;;;
;De Martino;-33.581944;-70.8806;380;13;136;13605;Peñaflor;METEOVID;75;XIII;;;;;;;;;;;;;;
;Mallarauco;-33.586667;-70.9961;250;13;135;13501;Melipilla;FDF;74;XIII;;;;;;;;;;;;;;
;Santa Carolina;-33.599722;-70.6497;616;13;131;13112;La Pintana;METEOVID;75;XIII;;;;;;;;;;;;;;
;Santo Domingo (INIA);-33.61;-71.63;21;5;56;5606;Santo Domingo;INIA;76;V;;;;;;;;;;;;;;
;San José;-33.62;-70.35;916;13;132;13203;San José de Maipo;DMC;95;XIII;;;;;;;;;;;;;;
;Calera de Tango;-33.630556;-70.7992;468;13;134;13403;Calera de Tango;FDF;75;XIII;;;;;;;;;;;;;;
;Melipilla;-33.65;-71.1;241;13;136;13602;El Monte;FDF;77;XIII;;;;;;;;;;;;;;
;Santo Domingo (DMC);-33.655;-71.6142;67;5;56;5606;Santo Domingo;DMC;76;V;;;;;;;;;;;;;;
;Lo Herrera;-33.662889;-70.7659;502;13;134;13401;San Bernardo;FDF;75;XIII;;;;;;;;;;;;;;
;Luis Felipe Edwards-Leyda;-33.67;-71.54;163;5;56;5601;San Antonio;METEOVID;78;V;;;;;;;;;;;;;;
;William Fevre;-33.671389;-70.5817;664;13;132;13202;Pirque;METEOVID;79;XIII;;;;;;;;;;;;;;
;Talagante;-33.67325;-70.9211;331;13;136;13601;Talagante;FDF;75;XIII;;;;;;;;;;;;;;
;Pirque;-33.673889;-70.5869;657;13;132;13202;Pirque;FDF;79;XIII;;;;;;;;;;;;;;
;Garcés Silva;-33.681389;-71.4958;178;5;56;5601;San Antonio;METEOVID;80;V;;;;;;;;;;;;;;
;El Monte;-33.691944;-71.1008;209;13;136;13602;El Monte;FDF;77;XIII;;;;;;;;;;;;;;
;Leyda;-33.703028;-71.3719;92;13;135;13501;Melipilla;FDF;81;XIII;;;;;;;;;;;;;;
;Morandé - Romeral;-33.706389;-70.7728;476;13;134;13401;San Bernardo;METEOVID;75;XIII;;;;;;;;;;;;;;
;Los Tilos;-33.70726;-70.7017;519;13;134;13402;Buin;INIA;75;XIII;;;;;;;;;;;;;;
;Buin;-33.707361;-70.7016;518;13;134;13402;Buin;FDF;75;XIII;;;;;;;;;;;;;;
;El Paico;-33.71;-71.01;259;13;136;13601;Talagante;DMC;77;XIII;;;;;;;;;;;;;;
;Santa Rita;-33.718611;-70.6692;523;13;134;13402;Buin;METEOVID;75;XIII;;;;;;;;;;;;;;
;San Antonio de Naltahua;-33.725439;-71.0426;236;13;136;13603;Isla de Maipo;INIA;77;XIII;;;;;;;;;;;;;;
;Chocalán (FDF);-33.725556;-71.2097;141;13;135;13501;Melipilla;FDF;82;XIII;;;;;;;;;;;;;;
;Chocalán (METEOVID);-33.760556;-71.2256;171;13;135;13501;Melipilla;METEOVID;82;XIII;;;;;;;;;;;;;;
;Isla de Maipo;-33.763889;-70.8867;337;13;136;13603;Isla de Maipo;FDF;75;XIII;;;;;;;;;;;;;;
;San Pedro;-33.768889;-70.9297;314;13;136;13603;Isla de Maipo;METEOVID;75;XIII;;;;;;;;;;;;;;
;San Pedro-El Tránsito;-33.771111;-70.6856;452;13;134;13404;Paine;METEOVID;75;XIII;;;;;;;;;;;;;;
;Pérez Cruz;-33.843056;-70.6197;461;13;134;13404;Paine;METEOVID;75;XIII;;;;;;;;;;;;;;
;Huelquén;-33.862083;-70.6392;430;13;134;13404;Paine;FDF;75;XIII;;;;;;;;;;;;;;
;San Pedro (FDF);-33.891389;-71.3942;206;13;135;13505;San Pedro;FDF;83;XIII;;;;;;;;;;;;;;
;San Pedro de Melipilla;-33.897935;-71.4529;133;13;135;13505;San Pedro;INIA;84;XIII;;;;;;;;;;;;;;
;Mostazal;-34.001667;-70.7017;500;6;61;6110;Mostazal;FDF;85;VI;;;;;;;;;;;;;;
;Ventisquero;-34.0225;-71.3442;164;13;135;13505;San Pedro;METEOVID;83;XIII;;;;;;;;;;;;;;
;Graneros Norte;-34.061944;-70.705;491;6;61;6106;Graneros;FDF;88;VI;;;;;;;;;;;;;;
;Alhué;-34.065;-71.2539;127;13;135;13502;Alhué;FDF;86;XIII;;;;;;;;;;;;;;
;Codegua Norte Ex Rancagua;-34.108889;-70.6396;532;6;61;6102;Codegua;FDF;88;VI;;;;;;;;;;;;;;
;Codegua;-34.110278;-70.6536;516;6;61;6102;Codegua;FDF;88;VI;;;;;;;;;;;;;;
;Hidango;-34.112466;-71.7973;288;6;62;6203;Litueche;INIA;87;VI;;;;;;;;;;;;;;
;Punta Cortes;-34.16975;-70.7913;475;6;61;6101;Rancagua;FDF;89;VI;;;;;;;;;;;;;;
;Codelco;-34.2;-70.58;1163;6;61;6108;Machalí;DMC;91;VI;;;;;;;;;;;;;;
;Olivar Alto;-34.203056;-70.8242;452;6;61;6111;Olivar;FDF;90;VI;;;;;;;;;;;;;;
;La Estrella Sur Ex Pumanque;-34.213333;-71.7161;286;6;62;6202;La Estrella;FDF;92;VI;;;;;;;;;;;;;;
;La Estrella;-34.213333;-71.7161;286;6;62;6202;La Estrella;FDF;92;VI;;;;;;;;;;;;;;
;Rapel;-34.216667;-71.3;119;6;61;6107;Las Cabras;FDF;93;VI;;;;;;;;;;;;;;
;Coltauco;-34.237778;-71.005;299;6;61;6104;Coltauco;FDF;90;VI;;;;;;;;;;;;;;
;Sta. Brisila;-34.298081;-71.3238;119;6;61;6107;Las Cabras;FDF;94;VI;;;;;;;;;;;;;;
;Anakena;-34.304722;-70.7717;389;6;61;6116;Requínoa;METEOVID;99;VI;;;;;;;;;;;;;;
;Requínoa - Rayentué;-34.321667;-71.8336;294;6;62;6201;Pichilemu;FDF;96;VI;;;;;;;;;;;;;;
;La Rosa Oeste;-34.325;-71.2394;147;6;61;6112;Peumo;METEOVID;97;VI;;;;;;;;;;;;;;
;Peumo Norte Ex Las Cabras;-34.326944;-71.2589;133;6;61;6112;Peumo;FDF;94;VI;;;;;;;;;;;;;;
;Montes;-34.340556;-71.6522;167;6;62;6204;Marchihue;METEOVID;98;VI;;;;;;;;;;;;;;
;San Pedro-Totihue;-34.341111;-70.7278;402;6;61;6116;Requínoa;METEOVID;99;VI;;;;;;;;;;;;;;
;Quinta de Tilcoco;-34.362;-70.9353;301;6;61;6114;Quinta de Tilcoco;FDF;100;VI;;;;;;;;;;;;;;
;Ventisquero-Peralillo;-34.394444;-71.4456;125;6;63;6307;Peralillo;METEOVID;94;VI;;;;;;;;;;;;;;
;Marchigue;-34.405556;-71.6072;136;6;62;6204;Marchihue;FDF;101;VI;;;;;;;;;;;;;;
;San Vicente TT;-34.457778;-71.0506;216;6;61;6117;San Vicente;FDF;90;VI;;;;;;;;;;;;;;
;El Tambo;-34.470992;-70.987;244;6;61;6117;San Vicente;INIA;102;VI;;;;;;;;;;;;;;
;Malloa;-34.499722;-70.8397;467;6;61;6109;Malloa;FDF;103;VI;;;;;;;;;;;;;;
;Casa Silva-Los Lingues;-34.502222;-70.8947;311;6;63;6301;San Fernando;METEOVID;102;VI;;;;;;;;;;;;;;
;Palmilla;-34.546667;-71.395;142;6;63;6306;Palmilla;FDF;94;VI;;;;;;;;;;;;;;
;San Fernando;-34.577833;-70.9755;329;6;63;6301;San Fernando;FDF;102;VI;;;;;;;;;;;;;;
;Lapostolle-Apalta;-34.593611;-71.3022;216;6;63;6310;Santa Cruz;METEOVID;106;VI;;;;;;;;;;;;;;
;Ventisquero-Apalta;-34.608056;-71.2469;245;6;63;6310;Santa Cruz;METEOVID;90;VI;;;;;;;;;;;;;;
;El Carmen;-34.608056;-70.975;354;6;63;6301;San Fernando;FDF;105;VI;;;;;;;;;;;;;;
;Llalagua;-34.641389;-71.1356;234;6;63;6308;Placilla;FDF;104;VI;;;;;;;;;;;;;;
;Nancagua 2;-34.660833;-71.2836;174;6;63;6305;Nancagua;FDF;108;VI;;;;;;;;;;;;;;
;Chimbarongo;-34.670833;-71.0317;317;6;63;6303;Chimbarongo;FDF;105;VI;;;;;;;;;;;;;;
;Santa Cruz;-34.690833;-71.4;160;6;63;6310;Santa Cruz;FDF;106;VI;;;;;;;;;;;;;;
;Luis Felipe Edwards;-34.693056;-71.1569;216;6;63;6305;Nancagua;METEOVID;104;VI;;;;;;;;;;;;;;
;Lolol;-34.713611;-71.6297;104;6;63;6304;Lolol;FDF;107;VI;;;;;;;;;;;;;;
;Conosur;-34.715556;-71.0386;300;6;63;6303;Chimbarongo;METEOVID;105;VI;;;;;;;;;;;;;;
;Hacienda Araucano-Lolol;-34.727222;-71.5889;116;6;63;6304;Lolol;METEOVID;107;VI;;;;;;;;;;;;;;
;Chépica;-34.738611;-71.2581;189;6;63;6302;Chépica;FDF;108;VI;;;;;;;;;;;;;;
;Morza Norte Ex Peteroa;-34.835;-71.0242;296;7;73;7308;Teno;FDF;112;VII;;;;;;;;;;;;;;
;Morza;-34.851667;-71.0203;324;7;73;7308;Teno;FDF;112;VII;;;;;;;;;;;;;;
;Ventisquero-Patacón;-34.857965;-71.7552;113;6;63;6304;Lolol;METEOVID;109;VI;;;;;;;;;;;;;;
;Teno;-34.878889;-71.1653;285;7;73;7308;Teno;FDF;110;VII;;;;;;;;;;;;;;
;Rauco;-34.925;-71.2831;204;7;73;7305;Rauco;FDF;111;VII;;;;;;;;;;;;;;
;Tutuquen;-34.961611;-71.315861;181;;;;;UBICACIÓN DESDE VISMET;;;;;;;;;;;;;;;;
;Curicó;-34.97;-71.22;215;7;73;7301;Curicó;DMC;113;VII;;;;;;;;;;;;;;
;Viñedos Puertas;-34.986944;-71.2797;181;7;73;7301;Curicó;METEOVID;111;VII;;;;;;;;;;;;;;
;Sagrada Familia - 1;-34.996944;-71.3742;155;7;73;7307;Sagrada Familia;FDF;111;VII;;;;;;;;;;;;;;
;Terramater;-35.014444;-71.4317;129;7;73;7307;Sagrada Familia;METEOVID;111;VII;;;;;;;;;;;;;;
;Lontué;-35.049722;-71.2481;229;7;73;7304;Molina;FDF;113;VII;;;;;;;;;;;;;;
;San Pedro-Molina;-35.103056;-71.3383;223;7;73;7304;Molina;METEOVID;113;VII;;;;;;;;;;;;;;
;Tres Esquinas;-35.144722;-71.2161;307;7;73;7304;Molina;FDF;112;VII;;;;;;;;;;;;;;
;Aresti;-35.151389;-71.2981;253;7;71;7108;Río Claro;METEOVID;113;VII;;;;;;;;;;;;;;
;San Rafael;-35.303611;-71.4758;141;7;71;7110;San Rafael;FDF;114;VII;;;;;;;;;;;;;;
;San Pedro-Pencahue;-35.333889;-71.7692;45;7;71;7107;Pencahue;METEOVID;115;VII;;;;;;;;;;;;;;
;Concha y Toro - Pencahue;-35.44522;-71.83436;66;;;;;UBICACIÓN DESDE VISMET;;;;;;;;;;;;;;;;
;Chanco;-35.45381;-72.3143;383;7;71;7102;Constitución;INIA;116;VII;;;;;;;;;;;;;;
;Pencahue;-35.455833;-71.7722;50;7;71;7107;Pencahue;FDF;117;VII;;;;;;;;;;;;;;
;Casas Patronales;-35.491667;-71.4456;190;7;71;7109;San Clemente;METEOVID;118;VII;;;;;;;;;;;;;;
;San Clemente;-35.53;-71.48;202;7;71;7109;San Clemente;INIA;118;VII;;;;;;;;;;;;;;
;El Aromo;-35.535556;-71.5983;139;7;71;7105;Maule;METEOVID;120;VII;;;;;;;;;;;;;;
;Torres;-35.567222;-72.29;419;7;71;7104;Empedrado;METEOVID;116;VII;;;;;;;;;;;;;;
;J. Bouchon;-35.569167;-71.9953;159;7;74;7406;San Javier;METEOVID;119;VII;;;;;;;;;;;;;;
;Maule;-35.576667;-71.6789;112;7;74;7406;San Javier;FDF;120;VII;;;;;;;;;;;;;;
;San Javier;-35.629722;-71.6039;149;7;74;7406;San Javier;FDF;118;VII;;;;;;;;;;;;;;
;Colbún;-35.662222;-71.4536;234;7;74;7402;Colbún;FDF;118;VII;;;;;;;;;;;;;;
;Yerbas Buenas 2;-35.690472;-71.5539;162;7;74;7408;Yerbas Buenas;FDF;123;VII;;;;;;;;;;;;;;
;Villa Alegre;-35.696111;-71.6822;113;7;74;7407;Villa Alegre;FDF;121;VII;;;;;;;;;;;;;;
;Sauzal;-35.714879;-72.1113;136;7;71;7104;Empedrado;INIA;122;VII;;;;;;;;;;;;;;
;Yerbas Buenas (FDF);-35.743889;-71.5731;142;7;74;7408;Yerbas Buenas;FDF;123;VII;;;;;;;;;;;;;;
;Yerbas Buenas (INIA);-35.76;-71.57;135;7;74;7408;Yerbas Buenas;INIA;123;VII;;;;;;;;;;;;;;
;Linares 2;-35.932222;-71.5686;191;7;74;7403;Longaví;FDF;127;VII;;;;;;;;;;;;;;
;Longaví Sur;-35.953056;-71.6081;158;7;74;7403;Longaví;FDF;127;VII;;;;;;;;;;;;;;
;Cauquenes;-35.955973;-72.2899;157;7;72;7201;Cauquenes;INIA;125;VII;;;;;;;;;;;;;;
;Santa Sofía;-35.977643;-72.3599;139;7;72;7201;Cauquenes;INIA;124;VII;;;;;;;;;;;;;;
;Undurraga;-35.996667;-72.2617;151;7;72;7201;Cauquenes;METEOVID;125;VII;;;;;;;;;;;;;;
;Longaví Norte;-36.053611;-71.6833;171;7;74;7403;Longaví;FDF;127;VII;;;;;;;;;;;;;;
;Coronel de Maule;-36.059092;-72.4777;158;7;72;7201;Cauquenes;INIA;124;VII;;;;;;;;;;;;;;
;Los Despachos;-36.062114;-72.3714;162;7;72;7201;Cauquenes;INIA;125;VII;;;;;;;;;;;;;;
;Odjfell;-36.144722;-72.2658;147;7;72;7201;Cauquenes;METEOVID;126;VII;;;;;;;;;;;;;;
;Parral;-36.213333;-71.7375;197;7;74;7404;Parral;FDF;127;VII;;;;;;;;;;;;;;
;Parral Norte;-36.230278;-71.7322;195;7;74;7404;Parral;FDF;127;VII;;;;;;;;;;;;;;
;Ñiquén;-36.293611;-71.8936;154;8;84;8409;Ñiquén;FDF;127;VIII;;;;;;;;;;;;;;
;Ninhue;-36.398105;-72.3952;78;8;84;8408;Ninhue;INIA;128;VIII;;;;;;;;;;;;;;
;San Nicolás;-36.517778;-72.0944;112;8;84;8419;San Nicolás;FDF;133;VIII;;;;;;;;;;;;;;
;Portezuelo;-36.532037;-72.3683;106;8;84;8412;Portezuelo;INIA;130;VIII;;;;;;;;;;;;;;
;Sta Rosa;-36.535195;-71.9164;181;8;84;8401;Chillán;INIA;129;VIII;;;;;;;;;;;;;;
;Coihueco;-36.557222;-71.8172;211;8;84;8405;Coihueco;FDF;136;VIII;;;;;;;;;;;;;;
;Los Coligues Ex - Chillán Viejo;-36.629167;-72.2333;67;8;84;8401;Chillán;FDF;130;VIII;;;;;;;;;;;;;;
;Nueva Aldea;-36.6489;-72.5135;71;8;84;8415;Ránquil;INIA;132;VIII;;;;;;;;;;;;;;
;Punta Parra;-36.672394;-72.9647;196;8;81;8111;Tomé;INIA;135;VIII;;;;;;;;;;;;;;
;Pinto;-36.713333;-71.8756;301;8;84;8411;Pinto;FDF;131;VIII;;;;;;;;;;;;;;
;Bulnes;-36.735556;-72.3669;56;8;84;8402;Bulnes;FDF;130;VIII;;;;;;;;;;;;;;
;Quillón;-36.745;-72.5047;62;8;84;8413;Quillón;FDF;132;VIII;;;;;;;;;;;;;;
;San Ignacio;-36.843611;-72.1247;175;8;84;8418;San Ignacio;FDF;133;VIII;;;;;;;;;;;;;;
;Termas de Chillán;-36.9;-71.41;1716;8;84;8411;Pinto;DMC;134;VIII;;;;;;;;;;;;;;
;Navidad;-36.907301;-71.9356;305;8;84;8407;El Carmen;INIA;136;VIII;;;;;;;;;;;;;;
;Chiguayante;-36.91349;-73.0355;14;8;81;8103;Chiguayante;INIA;135;VIII;;;;;;;;;;;;;;
;Trehualemu Ex - San Ignacio Sur;-36.920833;-71.8933;366;8;84;8407;El Carmen;FDF;136;VIII;;;;;;;;;;;;;;
;Coronel;-37.004823;-73.1404;41;8;81;8102;Coronel;INIA;135;VIII;;;;;;;;;;;;;;
;Yungay;-37.141385;-72.0118;259;8;84;8421;Yungay;INIA;137;VIII;;;;;;;;;;;;;;
;Human;-37.433556;-72.244;190;8;83;8301;Los Ángeles;INIA;139;VIII;;;;;;;;;;;;;;
;Tierras Nobles;-37.441944;-72.6178;87;8;83;8301;Los Ángeles;FDF;138;VIII;;;;;;;;;;;;;;
;Los Ángeles;-37.447222;-72.5172;87;8;83;8301;Los Ángeles;FDF;138;VIII;;;;;;;;;;;;;;
;Las Viñas;-37.501389;-72.3006;148;8;83;8301;Los Ángeles;FDF;139;VIII;;;;;;;;;;;;;;
;Negrete;-37.595278;-72.4667;85;8;83;8305;Mulchén;FDF;138;VIII;;;;;;;;;;;;;;
;Guilisasti;-37.648333;-72.2161;187;8;83;8305;Mulchén;METEOVID;141;VIII;;;;;;;;;;;;;;
;Lebu;-37.682541;-73.5222;195;8;82;8201;Lebu;INIA;140;VIII;;;;;;;;;;;;;;
;Mulchén;-37.703611;-72.2169;180;8;83;8305;Mulchén;FDF;141;VIII;;;;;;;;;;;;;;
;Renaico;-37.726111;-72.6047;75;9;92;9209;Renaico;FDF;138;IX;;;;;;;;;;;;;;
;Manzanares;-37.7725;-72.54611;88;9;92;9209;Renaico;INIA;138;IX;;;;;;;;;;;;;;
;Cañete;-37.892071;-73.4117;29;8;82;8203;Cañete;INIA;142;VIII;;;;;;;;;;;;;;
;Collipulli (INIA);-37.92;-72.42;257;9;92;9202;Collipulli;INIA;143;IX;;;;;;;;;;;;;;
;Collipulli (FDF);-38.001111;-72.2456;374;9;92;9202;Collipulli;FDF;144;IX;;;;;;;;;;;;;;
;Victoria;-38.22;-72.27;381;9;92;9211;Victoria;INIA;144;IX;;;;;;;;;;;;;;
;La Providencia;-38.289444;-72.6114;235;9;92;9210;Traiguén;INIA;145;IX;;;;;;;;;;;;;;
;Traiguén;-38.357222;-72.5475;243;9;92;9210;Traiguén;FDF;145;IX;;;;;;;;;;;;;;
;Galvarino;-38.359167;-72.7097;217;9;92;9210;Traiguén;FDF;145;IX;;;;;;;;;;;;;;
;Galvarino;-38.4;-72.72;114;9;91;9106;Galvarino;INIA;146;IX;;;;;;;;;;;;;;
;Curacautín-San Luis;-38.401667;-71.9025;573;9;92;9203;Curacautín;INIA;147;IX;;;;;;;;;;;;;;
;Lonquimay;-38.45;-71.37;913;9;92;9205;Lonquimay;INIA;148;IX;;;;;;;;;;;;;;
;Lonquimay;-38.46;-71.36;909;9;92;9205;Lonquimay;DMC;148;IX;;;;;;;;;;;;;;
;Lautaro;-38.466667;-72.2333;321;9;91;9108;Lautaro;INIA;149;IX;;;;;;;;;;;;;;
;Cholchol;-38.55;-72.87;28;9;91;9121;Cholchol;INIA;151;IX;;;;;;;;;;;;;;
;Quiripio;-38.639722;-73.2442;281;9;91;9102;Carahue;INIA;156;IX;;;;;;;;;;;;;;
;Tranapuente;-38.690833;-73.3533;61;9;91;9102;Carahue;INIA;150;IX;;;;;;;;;;;;;;
;Carillanca;-38.693056;-72.4172;184;9;91;9119;Vilcún;INIA;149;IX;;;;;;;;;;;;;;
;Sta. Adela;-38.756111;-72.8914;28;9;91;9111;Nueva Imperial;INIA;151;IX;;;;;;;;;;;;;;
;Nueva Imperial;-38.761389;-72.8775;34;9;91;9111;Nueva Imperial;FDF;151;IX;;;;;;;;;;;;;;
;Melipeuco;-38.833333;-71.6833;521;9;91;9110;Melipeuco;INIA;152;IX;;;;;;;;;;;;;;
;Domínguez;-38.918611;-73.2403;93;9;91;9116;Saavedra;INIA;156;IX;;;;;;;;;;;;;;
;Araucanía;-38.97;-72.56;124;9;91;9105;Freire;DMC;154;IX;;;;;;;;;;;;;;
;Freire;-38.971389;-72.7842;69;9;91;9105;Freire;FDF;153;IX;;;;;;;;;;;;;;
;C. Llollinco;-38.976944;-72.9978;34;9;91;9117;Teodoro Schmidt;INIA;156;IX;;;;;;;;;;;;;;
;Pocoyan (FDF);-38.9925;-73.0989;29;9;91;9117;Teodoro Schmidt;FDF;156;IX;;;;;;;;;;;;;;
;Cunco;-39.006667;-72.2514;221;9;91;9103;Cunco;FDF;155;IX;;;;;;;;;;;;;;
;Pocoyan (INIA);-39.035556;-73.0586;27;9;91;9118;Toltén;INIA;156;IX;;;;;;;;;;;;;;
;Gorbea;-39.103056;-72.6153;100;9;91;9107;Gorbea;FDF;157;IX;;;;;;;;;;;;;;
;Gorbea-San José;-39.104167;-72.6544;;9;91;9107;Gorbea;INIA;157;IX;;;;;;;;;;;;;;
;Cuarta Faja;-39.115556;-72.6053;;9;91;9107;Gorbea;INIA;157;IX;;;;;;;;;;;;;;
;Pucon;-39.2753;-71.9503;230;;;;;UBICACIÓN DESDE VISMET;;;;;;;;;;;;;;;;
;Villarrica-Loncoche;-39.283333;-72.45;235;9;91;9109;Loncoche;INIA;158;IX;;;;;;;;;;;;;;
;Curarrehue;-39.35;-71.5667;515;9;91;9104;Curarrehue;INIA;159;IX;;;;;;;;;;;;;;
;Pucón;-39.355833;-71.7814;434;9;91;9115;Pucón;FDF;160;IX;;;;;;;;;;;;;;
;Loncoche;-39.393333;-72.6367;102;9;91;9109;Loncoche;FDF;161;IX;;;;;;;;;;;;;;
;Mariquina;-39.620833;-73.0733;17;14;141;14106;Mariquina;FDF;162;XIV;;;;;;;;;;;;;;
;Pichoy;-39.65;-73.08;11;14;141;14106;Mariquina;DMC;162;XIV;;;;;;;;;;;;;;
;Santa Carla;-39.679571;-72.6114;228;14;141;14104;Los Lagos;INIA;167;XIV;;;;;;;;;;;;;;
;Las Lomas;-39.700929;-73.0148;10;14;141;14105;Máfil;INIA;162;XIV;;;;;;;;;;;;;;
;EE Austral;-39.788389;-73.234694;15;14;141;14101;Valdivia;UACH;162;XIV;;;;;;;;;;;;;;
;Santa Rosa;-39.79;-73.23;17;14;141;14101;Valdivia;UACH;162;XIV;;;;;;;;;;;;;;
;Paillaco Norte;-40.045833;-72.9014;70;14;141;14107;Paillaco;FDF;163;XIV;;;;;;;;;;;;;;
;Paillaco;-40.096389;-72.9267;72;14;141;14107;Paillaco;FDF;165;XIV;;;;;;;;;;;;;;
;Lago Verde;-40.165081;-72.6338;251;14;141;14107;Paillaco;INIA;164;XIV;;;;;;;;;;;;;;
;Palermo;-40.259225;-73.1065;80;14;142;14201;La Unión;INIA;165;XIV;;;;;;;;;;;;;;
;La Unión Norte;-40.288689;-73.0714;20;14;142;14201;La Unión;FDF;166;XIV;;;;;;;;;;;;;;
;La Unión;-40.316667;-73.0242;23;14;142;14201;La Unión;FDF;166;XIV;;;;;;;;;;;;;;
;Río Bueno;-40.322778;-72.9794;24;14;142;14201;La Unión;FDF;166;XIV;;;;;;;;;;;;;;
;Quilacahuín;-40.347946;-73.3075;11;10;103;10307;San Pablo;INIA;168;X;;;;;;;;;;;;;;
;El Cardal;-40.386737;-72.9191;70;14;142;14204;Río Bueno;INIA;166;XIV;;;;;;;;;;;;;;
;Remehue;-40.522204;-73.0637;63;10;103;10301;Osorno;INIA;168;X;;;;;;;;;;;;;;
;Osorno;-40.533333;-73.0725;76;10;103;10301;Osorno;FDF;168;X;;;;;;;;;;;;;;
;Desagüe Rupanco;-40.752634;-72.6639;263;10;103;10304;Puyehue;INIA;169;X;;;;;;;;;;;;;;
;Río Negro;-40.764722;-73.1519;76;10;103;10305;Río Negro;FDF;170;X;;;;;;;;;;;;;;
;La Pampa;-40.860639;-73.1569;104;10;103;10303;Purranque;INIA;170;X;;;;;;;;;;;;;;
;Purranque;-40.879444;-73.0525;109;10;103;10303;Purranque;FDF;171;X;;;;;;;;;;;;;;
;Octay;-40.957156;-72.8855;187;10;103;10302;Puerto Octay;INIA;171;X;;;;;;;;;;;;;;
;Frutillar;-41.028889;-73.0442;92;10;101;10105;Frutillar;FDF;171;X;;;;;;;;;;;;;;
;Quilanto;-41.030728;-72.9963;157;10;101;10105;Frutillar;INIA;171;X;;;;;;;;;;;;;;
;Polizones;-41.115147;-73.3766;133;10;101;10104;Fresia;INIA;172;X;;;;;;;;;;;;;;
;Colegual;-41.221843;-73.2599;169;10;101;10107;Llanquihue;INIA;173;X;;;;;;;;;;;;;;
;Ensenada;-41.233469;-72.5161;73;10;101;10109;Puerto Varas;INIA;174;X;;;;;;;;;;;;;;
;Los Canelos;-41.481326;-73.4744;109;10;101;10106;Los Muermos;INIA;175;X;;;;;;;;;;;;;;
;Butalcura;-42.261762;-73.6508;148;10;102;10205;Dalcahue;INIA;176;X;;;;;;;;;;;;;;
;Huyar Alto;-42.403919;-73.5682;155;10;102;10204;Curaco de Vélez;INIA;177;X;;;;;;;;;;;;;;
;Tara;-42.703731;-73.7885;136;10;102;10203;Chonchi;INIA;178;X;;;;;;;;;;;;;;
;Aysén;-45.431944;-72.7144;7;11;112;11201;Aysén;FDF;179;XI;;;;;;;;;;;;;;
;Coyhaique;-45.739722;-72.1258;292;11;111;11101;Coyhaique;FDF;180;XI;;;;;;;;;;;;;;
;Tamelaike;-45.759114;-72.0618;465;11;111;11101;Coyhaique;INIA;181;XI;;;;;;;;;;;;;;
;Vista Hermosa;-45.936818;-71.8353;723;11;111;11101;Coyhaique;INIA;182;XI;;;;;;;;;;;;;;
;El Claro;-45.9812;-72.0923;1262;11;111;11101;Coyhaique;INIA;183;XI;;;;;;;;;;;;;;
;Chile Chico;-46.543242;-71.6993;215;11;114;11401;Chile Chico;INIA;184;XI;;;;;;;;;;;;;;
;Cochrane;-47.241733;-72.5822;208;11;113;11301;Cochrane;INIA;185;XI;;;;;;;;;;;;;;
;Villa O'Higgins;-48.36;-72.64;586;11;113;11302;O'Higgins;DMC;186;XI;;;;;;;;;;;;;;
;Puerto Natales;-51.698367;-72.4831;79;12;124;12401;Natales;INIA;187;XII;;;;;;;;;;;;;;
;Kampenaike;-52.612048;-70.9432;105;12;121;12102;Laguna Blanca;INIA;188;XII;;;;;;;;;;;;;;
;Tierra del Fuego;-52.80432;-69.2737;58;12;123;12302;Primavera;INIA;189;XII;;;;;;;;;;;;;;
;Isla Riesco / Río Verde;-53.030495;-71.9336;86;12;121;12103;Río Verde;INIA;190;XII;;;;;;;;;;;;;;
;Punta Arenas Rural;-53.068313;-70.8738;37;12;121;12101;Punta Arenas;INIA;191;XII;;;;;;;;;;;;;;
;Punta Arenas;-53.15;-70.93;36;12;121;12101;Punta Arenas;DMC;192;XII;;;;;;;;;;;;;;
